2026-09-16 11:56:20 [main] INFO  org.lifelink.LifeLinkApplication - Starting LifeLinkApplication using Java 23.0.2 with PID 18704 (C:\Users\HP\OneDrive\Desktop\New folder (2)\organ-donation-system\backend\target\classes started by HP in C:\Users\HP\OneDrive\Desktop\New folder (2)\organ-donation-system\backend)
2026-09-16 11:56:20 [main] DEBUG org.lifelink.LifeLinkApplication - Running with Spring Boot v3.4.0, Spring v6.2.0
2026-09-16 11:56:20 [main] INFO  org.lifelink.LifeLinkApplication - No active profile set, falling back to 1 default profile: "default"
2026-09-16 11:56:21 [main] INFO  o.s.d.r.c.RepositoryConfigurationDelegate - Multiple Spring Data modules found, entering strict repository configuration mode
2026-09-16 11:56:21 [main] INFO  o.s.d.r.c.RepositoryConfigurationDelegate - Bootstrapping Spring Data MongoDB repositories in DEFAULT mode.
2026-09-16 11:56:21 [main] INFO  o.s.d.r.c.RepositoryConfigurationDelegate - Finished Spring Data repository scanning in 108 ms. Found 8 MongoDB repository interfaces.
2026-09-16 11:56:22 [main] INFO  o.s.b.w.e.tomcat.TomcatWebServer - Tomcat initialized with port 8080 (http)
2026-09-16 11:56:22 [main] INFO  o.a.catalina.core.StandardService - Starting service [Tomcat]
2026-09-16 11:56:22 [main] INFO  o.a.catalina.core.StandardEngine - Starting Servlet engine: [Apache Tomcat/10.1.33]
2026-09-16 11:56:22 [main] INFO  o.a.c.c.C.[.[localhost].[/api/v1] - Initializing Spring embedded WebApplicationContext
2026-09-16 11:56:22 [main] INFO  o.s.b.w.s.c.ServletWebServerApplicationContext - Root WebApplicationContext: initialization completed in 2435 ms
2026-09-16 11:56:23 [main] INFO  org.mongodb.driver.client - MongoClient with metadata {"driver": {"name": "mongo-java-driver|sync|spring-boot", "version": "5.2.1"}, "os": {"type": "Windows", "name": "Windows 11", "architecture": "amd64", "version": "10.0"}, "platform": "Java/Oracle Corporation/23.0.2+7-58"} created with settings MongoClientSettings{readPreference=primary, writeConcern=WriteConcern{w=null, wTimeout=null ms, journal=null}, retryWrites=true, retryReads=true, readConcern=ReadConcern{level=null}, credential=null, transportSettings=null, commandListeners=[io.micrometer.core.instrument.binder.mongodb.MongoMetricsCommandListener@5ef2cbe6], codecRegistry=ProvidersCodecRegistry{codecProviders=[ValueCodecProvider{}, BsonValueCodecProvider{}, DBRefCodecProvider{}, DBObjectCodecProvider{}, DocumentCodecProvider{}, CollectionCodecProvider{}, IterableCodecProvider{}, MapCodecProvider{}, GeoJsonCodecProvider{}, GridFSFileCodecProvider{}, Jsr310CodecProvider{}, JsonObjectCodecProvider{}, BsonCodecProvider{}, EnumCodecProvider{}, com.mongodb.client.model.mql.ExpressionCodecProvider@12209826, com.mongodb.Jep395RecordCodecProvider@6cd45b6c, com.mongodb.KotlinCodecProvider@3a5b7d7e]}, loggerSettings=LoggerSettings{maxDocumentLength=1000}, clusterSettings={hosts=[localhost:27017], srvServiceName=mongodb, mode=SINGLE, requiredClusterType=UNKNOWN, requiredReplicaSetName='null', serverSelector='null', clusterListeners='[]', serverSelectionTimeout='30000 ms', localThreshold='15 ms'}, socketSettings=SocketSettings{connectTimeoutMS=10000, readTimeoutMS=0, receiveBufferSize=0, proxySettings=ProxySettings{host=null, port=null, username=null, password=null}}, heartbeatSocketSettings=SocketSettings{connectTimeoutMS=10000, readTimeoutMS=10000, receiveBufferSize=0, proxySettings=ProxySettings{host=null, port=null, username=null, password=null}}, connectionPoolSettings=ConnectionPoolSettings{maxSize=100, minSize=0, maxWaitTimeMS=120000, maxConnectionLifeTimeMS=0, maxConnectionIdleTimeMS=0, maintenanceInitialDelayMS=0, maintenanceFrequencyMS=60000, connectionPoolListeners=[io.micrometer.core.instrument.binder.mongodb.MongoMetricsConnectionPoolListener@731db93f], maxConnecting=2}, serverSettings=ServerSettings{heartbeatFrequencyMS=10000, minHeartbeatFrequencyMS=500, serverMonitoringMode=AUTO, serverListeners='[]', serverMonitorListeners='[]'}, sslSettings=SslSettings{enabled=false, invalidHostNameAllowed=false, context=null}, applicationName='null', compressorList=[], uuidRepresentation=JAVA_LEGACY, serverApi=null, autoEncryptionSettings=null, dnsClient=null, inetAddressResolver=null, contextProvider=null, timeoutMS=null}
2026-09-16 11:56:23 [cluster-ClusterId{value='6aaa368e913b1423dad4918d', description='null'}-localhost:27017] INFO  org.mongodb.driver.cluster - Monitor thread successfully connected to server with description ServerDescription{address=localhost:27017, type=STANDALONE, cryptd=false, state=CONNECTED, ok=true, minWireVersion=0, maxWireVersion=21, maxDocumentSize=16777216, logicalSessionTimeoutMinutes=30, roundTripTimeNanos=22693300, minRoundTripTimeNanos=0}
2026-09-16 11:56:23 [main] DEBUG o.l.security.JwtAuthenticationFilter - Filter 'jwtAuthenticationFilter' configured for use
2026-09-16 11:56:23 [main] WARN  o.s.b.w.s.c.AnnotationConfigServletWebServerApplicationContext - Exception encountered during context initialization - cancelling refresh attempt: org.springframework.beans.factory.UnsatisfiedDependencyException: Error creating bean with name 'adminController' defined in file [C:\Users\HP\OneDrive\Desktop\New folder (2)\organ-donation-system\backend\target\classes\org\lifelink\controller\AdminController.class]: Unsatisfied dependency expressed through constructor parameter 0: Error creating bean with name 'adminService' defined in file [C:\Users\HP\OneDrive\Desktop\New folder (2)\organ-donation-system\backend\target\classes\org\lifelink\service\AdminService.class]: Unsatisfied dependency expressed through constructor parameter 0: Error creating bean with name 'donorRepository' defined in org.lifelink.repository.DonorRepository defined in @EnableMongoRepositories declared on MongoRepositoriesRegistrar.EnableMongoRepositoriesConfiguration: Could not create query for public abstract java.util.List org.lifelink.repository.DonorRepository.searchDonors(org.lifelink.entity.Donor$BloodType,java.lang.String,java.lang.String,java.lang.Integer); Reason: No property 'searchDonors' found for type 'Donor'
2026-09-16 11:56:23 [main] INFO  o.a.catalina.core.StandardService - Stopping service [Tomcat]
2026-09-16 11:56:23 [main] WARN  o.a.c.loader.WebappClassLoaderBase - The web application [api#v1] appears to have started a thread named [BufferPoolPruner-1-thread-1] but has failed to stop it. This is very likely to create a memory leak. Stack trace of thread:
 java.base/jdk.internal.misc.Unsafe.park(Native Method)
 java.base/java.util.concurrent.locks.LockSupport.parkNanos(LockSupport.java:269)
 java.base/java.util.concurrent.locks.AbstractQueuedSynchronizer$ConditionObject.awaitNanos(AbstractQueuedSynchronizer.java:1763)
 java.base/java.util.concurrent.ScheduledThreadPoolExecutor$DelayedWorkQueue.take(ScheduledThreadPoolExecutor.java:1182)
 java.base/java.util.concurrent.ScheduledThreadPoolExecutor$DelayedWorkQueue.take(ScheduledThreadPoolExecutor.java:899)
 java.base/java.util.concurrent.ThreadPoolExecutor.getTask(ThreadPoolExecutor.java:1070)
 java.base/java.util.concurrent.ThreadPoolExecutor.runWorker(ThreadPoolExecutor.java:1130)
 java.base/java.util.concurrent.ThreadPoolExecutor$Worker.run(ThreadPoolExecutor.java:642)
 java.base/java.lang.Thread.run(Thread.java:1575)
2026-09-16 11:56:23 [main] INFO  o.s.b.a.l.ConditionEvaluationReportLogger - 

Error starting ApplicationContext. To display the condition evaluation report re-run your application with 'debug' enabled.
2026-09-16 11:56:23 [main] ERROR o.s.boot.SpringApplication - Application run failed
org.springframework.beans.factory.UnsatisfiedDependencyException: Error creating bean with name 'adminController' defined in file [C:\Users\HP\OneDrive\Desktop\New folder (2)\organ-donation-system\backend\target\classes\org\lifelink\controller\AdminController.class]: Unsatisfied dependency expressed through constructor parameter 0: Error creating bean with name 'adminService' defined in file [C:\Users\HP\OneDrive\Desktop\New folder (2)\organ-donation-system\backend\target\classes\org\lifelink\service\AdminService.class]: Unsatisfied dependency expressed through constructor parameter 0: Error creating bean with name 'donorRepository' defined in org.lifelink.repository.DonorRepository defined in @EnableMongoRepositories declared on MongoRepositoriesRegistrar.EnableMongoRepositoriesConfiguration: Could not create query for public abstract java.util.List org.lifelink.repository.DonorRepository.searchDonors(org.lifelink.entity.Donor$BloodType,java.lang.String,java.lang.String,java.lang.Integer); Reason: No property 'searchDonors' found for type 'Donor'
	at org.springframework.beans.factory.support.ConstructorResolver.createArgumentArray(ConstructorResolver.java:804)
	at org.springframework.beans.factory.support.ConstructorResolver.autowireConstructor(ConstructorResolver.java:240)
	at org.springframework.beans.factory.support.AbstractAutowireCapableBeanFactory.autowireConstructor(AbstractAutowireCapableBeanFactory.java:1371)
	at org.springframework.beans.factory.support.AbstractAutowireCapableBeanFactory.createBeanInstance(AbstractAutowireCapableBeanFactory.java:1208)
	at org.springframework.beans.factory.support.AbstractAutowireCapableBeanFactory.doCreateBean(AbstractAutowireCapableBeanFactory.java:563)
	at org.springframework.beans.factory.support.AbstractAutowireCapableBeanFactory.createBean(AbstractAutowireCapableBeanFactory.java:523)
	at org.springframework.beans.factory.support.AbstractBeanFactory.lambda$doGetBean$0(AbstractBeanFactory.java:336)
	at org.springframework.beans.factory.support.DefaultSingletonBeanRegistry.getSingleton(DefaultSingletonBeanRegistry.java:288)
	at org.springframework.beans.factory.support.AbstractBeanFactory.doGetBean(AbstractBeanFactory.java:334)
	at org.springframework.beans.factory.support.AbstractBeanFactory.getBean(AbstractBeanFactory.java:199)
	at org.springframework.beans.factory.support.DefaultListableBeanFactory.instantiateSingleton(DefaultListableBeanFactory.java:1122)
	at org.springframework.beans.factory.support.DefaultListableBeanFactory.preInstantiateSingleton(DefaultListableBeanFactory.java:1093)
	at org.springframework.beans.factory.support.DefaultListableBeanFactory.preInstantiateSingletons(DefaultListableBeanFactory.java:1030)
	at org.springframework.context.support.AbstractApplicationContext.finishBeanFactoryInitialization(AbstractApplicationContext.java:987)
	at org.springframework.context.support.AbstractApplicationContext.refresh(AbstractApplicationContext.java:627)
	at org.springframework.boot.web.servlet.context.ServletWebServerApplicationContext.refresh(ServletWebServerApplicationContext.java:146)
	at org.springframework.boot.SpringApplication.refresh(SpringApplication.java:752)
	at org.springframework.boot.SpringApplication.refreshContext(SpringApplication.java:439)
	at org.springframework.boot.SpringApplication.run(SpringApplication.java:318)
	at org.springframework.boot.SpringApplication.run(SpringApplication.java:1361)
	at org.springframework.boot.SpringApplication.run(SpringApplication.java:1350)
	at org.lifelink.LifeLinkApplication.main(LifeLinkApplication.java:23)
Caused by: org.springframework.beans.factory.UnsatisfiedDependencyException: Error creating bean with name 'adminService' defined in file [C:\Users\HP\OneDrive\Desktop\New folder (2)\organ-donation-system\backend\target\classes\org\lifelink\service\AdminService.class]: Unsatisfied dependency expressed through constructor parameter 0: Error creating bean with name 'donorRepository' defined in org.lifelink.repository.DonorRepository defined in @EnableMongoRepositories declared on MongoRepositoriesRegistrar.EnableMongoRepositoriesConfiguration: Could not create query for public abstract java.util.List org.lifelink.repository.DonorRepository.searchDonors(org.lifelink.entity.Donor$BloodType,java.lang.String,java.lang.String,java.lang.Integer); Reason: No property 'searchDonors' found for type 'Donor'
	at org.springframework.beans.factory.support.ConstructorResolver.createArgumentArray(ConstructorResolver.java:804)
	at org.springframework.beans.factory.support.ConstructorResolver.autowireConstructor(ConstructorResolver.java:240)
	at org.springframework.beans.factory.support.AbstractAutowireCapableBeanFactory.autowireConstructor(AbstractAutowireCapableBeanFactory.java:1371)
	at org.springframework.beans.factory.support.AbstractAutowireCapableBeanFactory.createBeanInstance(AbstractAutowireCapableBeanFactory.java:1208)
	at org.springframework.beans.factory.support.AbstractAutowireCapableBeanFactory.doCreateBean(AbstractAutowireCapableBeanFactory.java:563)
	at org.springframework.beans.factory.support.AbstractAutowireCapableBeanFactory.createBean(AbstractAutowireCapableBeanFactory.java:523)
	at org.springframework.beans.factory.support.AbstractBeanFactory.lambda$doGetBean$0(AbstractBeanFactory.java:336)
	at org.springframework.beans.factory.support.DefaultSingletonBeanRegistry.getSingleton(DefaultSingletonBeanRegistry.java:288)
	at org.springframework.beans.factory.support.AbstractBeanFactory.doGetBean(AbstractBeanFactory.java:334)
	at org.springframework.beans.factory.support.AbstractBeanFactory.getBean(AbstractBeanFactory.java:199)
	at org.springframework.beans.factory.support.DefaultListableBeanFactory.doResolveDependency(DefaultListableBeanFactory.java:1568)
	at org.springframework.beans.factory.support.DefaultListableBeanFactory.resolveDependency(DefaultListableBeanFactory.java:1514)
	at org.springframework.beans.factory.support.ConstructorResolver.resolveAutowiredArgument(ConstructorResolver.java:913)
	at org.springframework.beans.factory.support.ConstructorResolver.createArgumentArray(ConstructorResolver.java:791)
	... 21 common frames omitted
Caused by: org.springframework.beans.factory.BeanCreationException: Error creating bean with name 'donorRepository' defined in org.lifelink.repository.DonorRepository defined in @EnableMongoRepositories declared on MongoRepositoriesRegistrar.EnableMongoRepositoriesConfiguration: Could not create query for public abstract java.util.List org.lifelink.repository.DonorRepository.searchDonors(org.lifelink.entity.Donor$BloodType,java.lang.String,java.lang.String,java.lang.Integer); Reason: No property 'searchDonors' found for type 'Donor'
	at org.springframework.beans.factory.support.AbstractAutowireCapableBeanFactory.initializeBean(AbstractAutowireCapableBeanFactory.java:1802)
	at org.springframework.beans.factory.support.AbstractAutowireCapableBeanFactory.doCreateBean(AbstractAutowireCapableBeanFactory.java:601)
	at org.springframework.beans.factory.support.AbstractAutowireCapableBeanFactory.createBean(AbstractAutowireCapableBeanFactory.java:523)
	at org.springframework.beans.factory.support.AbstractBeanFactory.lambda$doGetBean$0(AbstractBeanFactory.java:336)
	at org.springframework.beans.factory.support.DefaultSingletonBeanRegistry.getSingleton(DefaultSingletonBeanRegistry.java:288)
	at org.springframework.beans.factory.support.AbstractBeanFactory.doGetBean(AbstractBeanFactory.java:334)
	at org.springframework.beans.factory.support.AbstractBeanFactory.getBean(AbstractBeanFactory.java:199)
	at org.springframework.beans.factory.support.DefaultListableBeanFactory.doResolveDependency(DefaultListableBeanFactory.java:1568)
	at org.springframework.beans.factory.support.DefaultListableBeanFactory.resolveDependency(DefaultListableBeanFactory.java:1514)
	at org.springframework.beans.factory.support.ConstructorResolver.resolveAutowiredArgument(ConstructorResolver.java:913)
	at org.springframework.beans.factory.support.ConstructorResolver.createArgumentArray(ConstructorResolver.java:791)
	... 34 common frames omitted
Caused by: org.springframework.data.repository.query.QueryCreationException: Could not create query for public abstract java.util.List org.lifelink.repository.DonorRepository.searchDonors(org.lifelink.entity.Donor$BloodType,java.lang.String,java.lang.String,java.lang.Integer); Reason: No property 'searchDonors' found for type 'Donor'
	at org.springframework.data.repository.query.QueryCreationException.create(QueryCreationException.java:101)
	at org.springframework.data.repository.core.support.QueryExecutorMethodInterceptor.lookupQuery(QueryExecutorMethodInterceptor.java:120)
	at org.springframework.data.repository.core.support.QueryExecutorMethodInterceptor.mapMethodsToQuery(QueryExecutorMethodInterceptor.java:104)
	at org.springframework.data.repository.core.support.QueryExecutorMethodInterceptor.lambda$new$0(QueryExecutorMethodInterceptor.java:92)
	at java.base/java.util.Optional.map(Optional.java:260)
	at org.springframework.data.repository.core.support.QueryExecutorMethodInterceptor.<init>(QueryExecutorMethodInterceptor.java:92)
	at org.springframework.data.repository.core.support.RepositoryFactorySupport.getRepository(RepositoryFactorySupport.java:440)
	at org.springframework.data.repository.core.support.RepositoryFactoryBeanSupport.lambda$afterPropertiesSet$4(RepositoryFactoryBeanSupport.java:350)
	at org.springframework.data.util.Lazy.getNullable(Lazy.java:135)
	at org.springframework.data.util.Lazy.get(Lazy.java:113)
	at org.springframework.data.repository.core.support.RepositoryFactoryBeanSupport.afterPropertiesSet(RepositoryFactoryBeanSupport.java:356)
	at org.springframework.data.mongodb.repository.support.MongoRepositoryFactoryBean.afterPropertiesSet(MongoRepositoryFactoryBean.java:101)
	at org.springframework.beans.factory.support.AbstractAutowireCapableBeanFactory.invokeInitMethods(AbstractAutowireCapableBeanFactory.java:1849)
	at org.springframework.beans.factory.support.AbstractAutowireCapableBeanFactory.initializeBean(AbstractAutowireCapableBeanFactory.java:1798)
	... 44 common frames omitted
Caused by: org.springframework.data.mapping.PropertyReferenceException: No property 'searchDonors' found for type 'Donor'
	at org.springframework.data.mapping.PropertyPath.<init>(PropertyPath.java:94)
	at org.springframework.data.mapping.PropertyPath.create(PropertyPath.java:455)
	at org.springframework.data.mapping.PropertyPath.create(PropertyPath.java:431)
	at org.springframework.data.mapping.PropertyPath.lambda$from$0(PropertyPath.java:384)
	at java.base/java.util.concurrent.ConcurrentMap.computeIfAbsent(ConcurrentMap.java:330)
	at org.springframework.data.mapping.PropertyPath.from(PropertyPath.java:366)
	at org.springframework.data.mapping.PropertyPath.from(PropertyPath.java:344)
	at org.springframework.data.repository.query.parser.Part.<init>(Part.java:81)
	at org.springframework.data.repository.query.parser.PartTree$OrPart.lambda$new$0(PartTree.java:259)
	at java.base/java.util.stream.ReferencePipeline$3$1.accept(ReferencePipeline.java:215)
	at java.base/java.util.stream.ReferencePipeline$2$1.accept(ReferencePipeline.java:197)
	at java.base/java.util.Spliterators$ArraySpliterator.forEachRemaining(Spliterators.java:1024)
	at java.base/java.util.stream.AbstractPipeline.copyInto(AbstractPipeline.java:570)
	at java.base/java.util.stream.AbstractPipeline.wrapAndCopyInto(AbstractPipeline.java:560)
	at java.base/java.util.stream.ReduceOps$ReduceOp.evaluateSequential(ReduceOps.java:921)
	at java.base/java.util.stream.AbstractPipeline.evaluate(AbstractPipeline.java:265)
	at java.base/java.util.stream.ReferencePipeline.collect(ReferencePipeline.java:727)
	at org.springframework.data.repository.query.parser.PartTree$OrPart.<init>(PartTree.java:260)
	at org.springframework.data.repository.query.parser.PartTree$Predicate.lambda$new$0(PartTree.java:389)
	at java.base/java.util.stream.ReferencePipeline$3$1.accept(ReferencePipeline.java:215)
	at java.base/java.util.stream.ReferencePipeline$2$1.accept(ReferencePipeline.java:197)
	at java.base/java.util.Spliterators$ArraySpliterator.forEachRemaining(Spliterators.java:1024)
	at java.base/java.util.stream.AbstractPipeline.copyInto(AbstractPipeline.java:570)
	at java.base/java.util.stream.AbstractPipeline.wrapAndCopyInto(AbstractPipeline.java:560)
	at java.base/java.util.stream.ReduceOps$ReduceOp.evaluateSequential(ReduceOps.java:921)
	at java.base/java.util.stream.AbstractPipeline.evaluate(AbstractPipeline.java:265)
	at java.base/java.util.stream.ReferencePipeline.collect(ReferencePipeline.java:727)
	at org.springframework.data.repository.query.parser.PartTree$Predicate.<init>(PartTree.java:390)
	at org.springframework.data.repository.query.parser.PartTree.<init>(PartTree.java:100)
	at org.springframework.data.mongodb.repository.query.PartTreeMongoQuery.<init>(PartTreeMongoQuery.java:91)
	at org.springframework.data.mongodb.repository.support.MongoRepositoryFactory$MongoQueryLookupStrategy.resolveQuery(MongoRepositoryFactory.java:192)
	at org.springframework.data.repository.core.support.QueryExecutorMethodInterceptor.lookupQuery(QueryExecutorMethodInterceptor.java:116)
	... 56 common frames omitted
2026-09-16 12:02:20 [main] INFO  org.lifelink.LifeLinkApplication - Starting LifeLinkApplication using Java 23.0.2 with PID 1916 (C:\Users\HP\OneDrive\Desktop\New folder (2)\organ-donation-system\backend\target\classes started by HP in C:\Users\HP\OneDrive\Desktop\New folder (2)\organ-donation-system\backend)
2026-09-16 12:02:20 [main] DEBUG org.lifelink.LifeLinkApplication - Running with Spring Boot v3.4.0, Spring v6.2.0
2026-09-16 12:02:20 [main] INFO  org.lifelink.LifeLinkApplication - No active profile set, falling back to 1 default profile: "default"
2026-09-16 12:02:21 [main] INFO  o.s.d.r.c.RepositoryConfigurationDelegate - Multiple Spring Data modules found, entering strict repository configuration mode
2026-09-16 12:02:21 [main] INFO  o.s.d.r.c.RepositoryConfigurationDelegate - Bootstrapping Spring Data MongoDB repositories in DEFAULT mode.
2026-09-16 12:02:21 [main] INFO  o.s.d.r.c.RepositoryConfigurationDelegate - Finished Spring Data repository scanning in 73 ms. Found 8 MongoDB repository interfaces.
2026-09-16 12:02:21 [main] INFO  o.s.b.w.e.tomcat.TomcatWebServer - Tomcat initialized with port 8080 (http)
2026-09-16 12:02:21 [main] INFO  o.a.catalina.core.StandardService - Starting service [Tomcat]
2026-09-16 12:02:21 [main] INFO  o.a.catalina.core.StandardEngine - Starting Servlet engine: [Apache Tomcat/10.1.33]
2026-09-16 12:02:21 [main] INFO  o.a.c.c.C.[.[localhost].[/api/v1] - Initializing Spring embedded WebApplicationContext
2026-09-16 12:02:21 [main] INFO  o.s.b.w.s.c.ServletWebServerApplicationContext - Root WebApplicationContext: initialization completed in 1681 ms
2026-09-16 12:02:22 [main] INFO  org.mongodb.driver.client - MongoClient with metadata {"driver": {"name": "mongo-java-driver|sync|spring-boot", "version": "5.2.1"}, "os": {"type": "Windows", "name": "Windows 11", "architecture": "amd64", "version": "10.0"}, "platform": "Java/Oracle Corporation/23.0.2+7-58"} created with settings MongoClientSettings{readPreference=primary, writeConcern=WriteConcern{w=null, wTimeout=null ms, journal=null}, retryWrites=true, retryReads=true, readConcern=ReadConcern{level=null}, credential=null, transportSettings=null, commandListeners=[io.micrometer.core.instrument.binder.mongodb.MongoMetricsCommandListener@3dfe92ef], codecRegistry=ProvidersCodecRegistry{codecProviders=[ValueCodecProvider{}, BsonValueCodecProvider{}, DBRefCodecProvider{}, DBObjectCodecProvider{}, DocumentCodecProvider{}, CollectionCodecProvider{}, IterableCodecProvider{}, MapCodecProvider{}, GeoJsonCodecProvider{}, GridFSFileCodecProvider{}, Jsr310CodecProvider{}, JsonObjectCodecProvider{}, BsonCodecProvider{}, EnumCodecProvider{}, com.mongodb.client.model.mql.ExpressionCodecProvider@619c3546, com.mongodb.Jep395RecordCodecProvider@29090809, com.mongodb.KotlinCodecProvider@30cafd13]}, loggerSettings=LoggerSettings{maxDocumentLength=1000}, clusterSettings={hosts=[localhost:27017], srvServiceName=mongodb, mode=SINGLE, requiredClusterType=UNKNOWN, requiredReplicaSetName='null', serverSelector='null', clusterListeners='[]', serverSelectionTimeout='30000 ms', localThreshold='15 ms'}, socketSettings=SocketSettings{connectTimeoutMS=10000, readTimeoutMS=0, receiveBufferSize=0, proxySettings=ProxySettings{host=null, port=null, username=null, password=null}}, heartbeatSocketSettings=SocketSettings{connectTimeoutMS=10000, readTimeoutMS=10000, receiveBufferSize=0, proxySettings=ProxySettings{host=null, port=null, username=null, password=null}}, connectionPoolSettings=ConnectionPoolSettings{maxSize=100, minSize=0, maxWaitTimeMS=120000, maxConnectionLifeTimeMS=0, maxConnectionIdleTimeMS=0, maintenanceInitialDelayMS=0, maintenanceFrequencyMS=60000, connectionPoolListeners=[io.micrometer.core.instrument.binder.mongodb.MongoMetricsConnectionPoolListener@76af34b5], maxConnecting=2}, serverSettings=ServerSettings{heartbeatFrequencyMS=10000, minHeartbeatFrequencyMS=500, serverMonitoringMode=AUTO, serverListeners='[]', serverMonitorListeners='[]'}, sslSettings=SslSettings{enabled=false, invalidHostNameAllowed=false, context=null}, applicationName='null', compressorList=[], uuidRepresentation=JAVA_LEGACY, serverApi=null, autoEncryptionSettings=null, dnsClient=null, inetAddressResolver=null, contextProvider=null, timeoutMS=null}
2026-09-16 12:02:22 [cluster-ClusterId{value='6aaa37f6db2dbe4989211107', description='null'}-localhost:27017] INFO  org.mongodb.driver.cluster - Monitor thread successfully connected to server with description ServerDescription{address=localhost:27017, type=STANDALONE, cryptd=false, state=CONNECTED, ok=true, minWireVersion=0, maxWireVersion=21, maxDocumentSize=16777216, logicalSessionTimeoutMinutes=30, roundTripTimeNanos=22560800, minRoundTripTimeNanos=0}
2026-09-16 12:02:22 [main] DEBUG o.l.security.JwtAuthenticationFilter - Filter 'jwtAuthenticationFilter' configured for use
2026-09-16 12:02:22 [main] INFO  o.s.s.c.a.a.c.InitializeUserDetailsBeanManagerConfigurer$InitializeUserDetailsManagerConfigurer - Global AuthenticationManager configured with UserDetailsService bean with name customUserDetailsService
2026-09-16 12:02:23 [main] INFO  o.s.b.a.e.web.EndpointLinksResolver - Exposing 3 endpoints beneath base path '/actuator'
2026-09-16 12:02:23 [main] DEBUG o.s.s.web.DefaultSecurityFilterChain - Will secure any request with filters: DisableEncodeUrlFilter, WebAsyncManagerIntegrationFilter, SecurityContextHolderFilter, HeaderWriterFilter, CorsFilter, LogoutFilter, JwtAuthenticationFilter, RequestCacheAwareFilter, SecurityContextHolderAwareRequestFilter, AnonymousAuthenticationFilter, SessionManagementFilter, ExceptionTranslationFilter, AuthorizationFilter
2026-09-16 12:02:23 [main] WARN  o.s.b.w.s.c.AnnotationConfigServletWebServerApplicationContext - Exception encountered during context initialization - cancelling refresh attempt: org.springframework.context.ApplicationContextException: Failed to start bean 'webServerStartStop'
2026-09-16 12:02:23 [main] INFO  o.s.b.a.l.ConditionEvaluationReportLogger - 

Error starting ApplicationContext. To display the condition evaluation report re-run your application with 'debug' enabled.
2026-09-16 12:02:23 [main] ERROR o.s.b.d.LoggingFailureAnalysisReporter - 

***************************
APPLICATION FAILED TO START
***************************

Description:

Web server failed to start. Port 8080 was already in use.

Action:

Identify and stop the process that's listening on port 8080 or configure this application to listen on another port.

2026-09-16 12:03:25 [main] INFO  org.lifelink.LifeLinkApplication - Starting LifeLinkApplication using Java 23.0.2 with PID 13196 (C:\Users\HP\OneDrive\Desktop\New folder (2)\organ-donation-system\backend\target\classes started by HP in C:\Users\HP\OneDrive\Desktop\New folder (2)\organ-donation-system\backend)
2026-09-16 12:03:25 [main] DEBUG org.lifelink.LifeLinkApplication - Running with Spring Boot v3.4.0, Spring v6.2.0
2026-09-16 12:03:25 [main] INFO  org.lifelink.LifeLinkApplication - No active profile set, falling back to 1 default profile: "default"
2026-09-16 12:03:26 [main] INFO  o.s.d.r.c.RepositoryConfigurationDelegate - Multiple Spring Data modules found, entering strict repository configuration mode
2026-09-16 12:03:26 [main] INFO  o.s.d.r.c.RepositoryConfigurationDelegate - Bootstrapping Spring Data MongoDB repositories in DEFAULT mode.
2026-09-16 12:03:26 [main] INFO  o.s.d.r.c.RepositoryConfigurationDelegate - Finished Spring Data repository scanning in 88 ms. Found 8 MongoDB repository interfaces.
2026-09-16 12:03:27 [main] INFO  o.s.b.w.e.tomcat.TomcatWebServer - Tomcat initialized with port 8080 (http)
2026-09-16 12:03:27 [main] INFO  o.a.catalina.core.StandardService - Starting service [Tomcat]
2026-09-16 12:03:27 [main] INFO  o.a.catalina.core.StandardEngine - Starting Servlet engine: [Apache Tomcat/10.1.33]
2026-09-16 12:03:27 [main] INFO  o.a.c.c.C.[.[localhost].[/api/v1] - Initializing Spring embedded WebApplicationContext
2026-09-16 12:03:27 [main] INFO  o.s.b.w.s.c.ServletWebServerApplicationContext - Root WebApplicationContext: initialization completed in 2434 ms
2026-09-16 12:03:28 [main] INFO  org.mongodb.driver.client - MongoClient with metadata {"driver": {"name": "mongo-java-driver|sync|spring-boot", "version": "5.2.1"}, "os": {"type": "Windows", "name": "Windows 11", "architecture": "amd64", "version": "10.0"}, "platform": "Java/Oracle Corporation/23.0.2+7-58"} created with settings MongoClientSettings{readPreference=primary, writeConcern=WriteConcern{w=null, wTimeout=null ms, journal=null}, retryWrites=true, retryReads=true, readConcern=ReadConcern{level=null}, credential=null, transportSettings=null, commandListeners=[io.micrometer.core.instrument.binder.mongodb.MongoMetricsCommandListener@1d2def55], codecRegistry=ProvidersCodecRegistry{codecProviders=[ValueCodecProvider{}, BsonValueCodecProvider{}, DBRefCodecProvider{}, DBObjectCodecProvider{}, DocumentCodecProvider{}, CollectionCodecProvider{}, IterableCodecProvider{}, MapCodecProvider{}, GeoJsonCodecProvider{}, GridFSFileCodecProvider{}, Jsr310CodecProvider{}, JsonObjectCodecProvider{}, BsonCodecProvider{}, EnumCodecProvider{}, com.mongodb.client.model.mql.ExpressionCodecProvider@7cca31fc, com.mongodb.Jep395RecordCodecProvider@619c3546, com.mongodb.KotlinCodecProvider@29090809]}, loggerSettings=LoggerSettings{maxDocumentLength=1000}, clusterSettings={hosts=[localhost:27017], srvServiceName=mongodb, mode=SINGLE, requiredClusterType=UNKNOWN, requiredReplicaSetName='null', serverSelector='null', clusterListeners='[]', serverSelectionTimeout='30000 ms', localThreshold='15 ms'}, socketSettings=SocketSettings{connectTimeoutMS=10000, readTimeoutMS=0, receiveBufferSize=0, proxySettings=ProxySettings{host=null, port=null, username=null, password=null}}, heartbeatSocketSettings=SocketSettings{connectTimeoutMS=10000, readTimeoutMS=10000, receiveBufferSize=0, proxySettings=ProxySettings{host=null, port=null, username=null, password=null}}, connectionPoolSettings=ConnectionPoolSettings{maxSize=100, minSize=0, maxWaitTimeMS=120000, maxConnectionLifeTimeMS=0, maxConnectionIdleTimeMS=0, maintenanceInitialDelayMS=0, maintenanceFrequencyMS=60000, connectionPoolListeners=[io.micrometer.core.instrument.binder.mongodb.MongoMetricsConnectionPoolListener@76af34b5], maxConnecting=2}, serverSettings=ServerSettings{heartbeatFrequencyMS=10000, minHeartbeatFrequencyMS=500, serverMonitoringMode=AUTO, serverListeners='[]', serverMonitorListeners='[]'}, sslSettings=SslSettings{enabled=false, invalidHostNameAllowed=false, context=null}, applicationName='null', compressorList=[], uuidRepresentation=JAVA_LEGACY, serverApi=null, autoEncryptionSettings=null, dnsClient=null, inetAddressResolver=null, contextProvider=null, timeoutMS=null}
2026-09-16 12:03:28 [cluster-ClusterId{value='6aaa3838fe0b6c31acf27d32', description='null'}-localhost:27017] INFO  org.mongodb.driver.cluster - Monitor thread successfully connected to server with description ServerDescription{address=localhost:27017, type=STANDALONE, cryptd=false, state=CONNECTED, ok=true, minWireVersion=0, maxWireVersion=21, maxDocumentSize=16777216, logicalSessionTimeoutMinutes=30, roundTripTimeNanos=21619700, minRoundTripTimeNanos=0}
2026-09-16 12:03:28 [main] DEBUG o.l.security.JwtAuthenticationFilter - Filter 'jwtAuthenticationFilter' configured for use
2026-09-16 12:03:28 [main] INFO  o.s.s.c.a.a.c.InitializeUserDetailsBeanManagerConfigurer$InitializeUserDetailsManagerConfigurer - Global AuthenticationManager configured with UserDetailsService bean with name customUserDetailsService
2026-09-16 12:03:29 [main] INFO  o.s.b.a.e.web.EndpointLinksResolver - Exposing 3 endpoints beneath base path '/actuator'
2026-09-16 12:03:29 [main] DEBUG o.s.s.web.DefaultSecurityFilterChain - Will secure any request with filters: DisableEncodeUrlFilter, WebAsyncManagerIntegrationFilter, SecurityContextHolderFilter, HeaderWriterFilter, CorsFilter, LogoutFilter, JwtAuthenticationFilter, RequestCacheAwareFilter, SecurityContextHolderAwareRequestFilter, AnonymousAuthenticationFilter, SessionManagementFilter, ExceptionTranslationFilter, AuthorizationFilter
2026-09-16 12:03:30 [main] WARN  o.s.b.w.s.c.AnnotationConfigServletWebServerApplicationContext - Exception encountered during context initialization - cancelling refresh attempt: org.springframework.context.ApplicationContextException: Failed to start bean 'webServerStartStop'
2026-09-16 12:03:30 [main] INFO  o.s.b.a.l.ConditionEvaluationReportLogger - 

Error starting ApplicationContext. To display the condition evaluation report re-run your application with 'debug' enabled.
2026-09-16 12:03:30 [main] ERROR o.s.b.d.LoggingFailureAnalysisReporter - 

***************************
APPLICATION FAILED TO START
***************************

Description:

Web server failed to start. Port 8080 was already in use.

Action:

Identify and stop the process that's listening on port 8080 or configure this application to listen on another port.

2026-09-16 12:08:36 [main] INFO  org.lifelink.LifeLinkApplication - Starting LifeLinkApplication using Java 23.0.2 with PID 12448 (C:\Users\HP\OneDrive\Desktop\New folder (2)\organ-donation-system\backend\target\classes started by HP in C:\Users\HP\OneDrive\Desktop\New folder (2)\organ-donation-system\backend)
2026-09-16 12:08:36 [main] DEBUG org.lifelink.LifeLinkApplication - Running with Spring Boot v3.4.0, Spring v6.2.0
2026-09-16 12:08:36 [main] INFO  org.lifelink.LifeLinkApplication - No active profile set, falling back to 1 default profile: "default"
2026-09-16 12:08:37 [main] INFO  o.s.d.r.c.RepositoryConfigurationDelegate - Multiple Spring Data modules found, entering strict repository configuration mode
2026-09-16 12:08:37 [main] INFO  o.s.d.r.c.RepositoryConfigurationDelegate - Bootstrapping Spring Data MongoDB repositories in DEFAULT mode.
2026-09-16 12:08:37 [main] INFO  o.s.d.r.c.RepositoryConfigurationDelegate - Finished Spring Data repository scanning in 63 ms. Found 8 MongoDB repository interfaces.
2026-09-16 12:08:38 [main] INFO  o.s.b.w.e.tomcat.TomcatWebServer - Tomcat initialized with port 8088 (http)
2026-09-16 12:08:38 [main] INFO  o.a.catalina.core.StandardService - Starting service [Tomcat]
2026-09-16 12:08:38 [main] INFO  o.a.catalina.core.StandardEngine - Starting Servlet engine: [Apache Tomcat/10.1.33]
2026-09-16 12:08:38 [main] INFO  o.a.c.c.C.[.[localhost].[/api/v1] - Initializing Spring embedded WebApplicationContext
2026-09-16 12:08:38 [main] INFO  o.s.b.w.s.c.ServletWebServerApplicationContext - Root WebApplicationContext: initialization completed in 1796 ms
2026-09-16 12:08:39 [main] INFO  org.mongodb.driver.client - MongoClient with metadata {"driver": {"name": "mongo-java-driver|sync|spring-boot", "version": "5.2.1"}, "os": {"type": "Windows", "name": "Windows 11", "architecture": "amd64", "version": "10.0"}, "platform": "Java/Oracle Corporation/23.0.2+7-58"} created with settings MongoClientSettings{readPreference=primary, writeConcern=WriteConcern{w=null, wTimeout=null ms, journal=null}, retryWrites=true, retryReads=true, readConcern=ReadConcern{level=null}, credential=null, transportSettings=null, commandListeners=[io.micrometer.core.instrument.binder.mongodb.MongoMetricsCommandListener@3dfe92ef], codecRegistry=ProvidersCodecRegistry{codecProviders=[ValueCodecProvider{}, BsonValueCodecProvider{}, DBRefCodecProvider{}, DBObjectCodecProvider{}, DocumentCodecProvider{}, CollectionCodecProvider{}, IterableCodecProvider{}, MapCodecProvider{}, GeoJsonCodecProvider{}, GridFSFileCodecProvider{}, Jsr310CodecProvider{}, JsonObjectCodecProvider{}, BsonCodecProvider{}, EnumCodecProvider{}, com.mongodb.client.model.mql.ExpressionCodecProvider@619c3546, com.mongodb.Jep395RecordCodecProvider@29090809, com.mongodb.KotlinCodecProvider@30cafd13]}, loggerSettings=LoggerSettings{maxDocumentLength=1000}, clusterSettings={hosts=[localhost:27017], srvServiceName=mongodb, mode=SINGLE, requiredClusterType=UNKNOWN, requiredReplicaSetName='null', serverSelector='null', clusterListeners='[]', serverSelectionTimeout='30000 ms', localThreshold='15 ms'}, socketSettings=SocketSettings{connectTimeoutMS=10000, readTimeoutMS=0, receiveBufferSize=0, proxySettings=ProxySettings{host=null, port=null, username=null, password=null}}, heartbeatSocketSettings=SocketSettings{connectTimeoutMS=10000, readTimeoutMS=10000, receiveBufferSize=0, proxySettings=ProxySettings{host=null, port=null, username=null, password=null}}, connectionPoolSettings=ConnectionPoolSettings{maxSize=100, minSize=0, maxWaitTimeMS=120000, maxConnectionLifeTimeMS=0, maxConnectionIdleTimeMS=0, maintenanceInitialDelayMS=0, maintenanceFrequencyMS=60000, connectionPoolListeners=[io.micrometer.core.instrument.binder.mongodb.MongoMetricsConnectionPoolListener@76af34b5], maxConnecting=2}, serverSettings=ServerSettings{heartbeatFrequencyMS=10000, minHeartbeatFrequencyMS=500, serverMonitoringMode=AUTO, serverListeners='[]', serverMonitorListeners='[]'}, sslSettings=SslSettings{enabled=false, invalidHostNameAllowed=false, context=null}, applicationName='null', compressorList=[], uuidRepresentation=JAVA_LEGACY, serverApi=null, autoEncryptionSettings=null, dnsClient=null, inetAddressResolver=null, contextProvider=null, timeoutMS=null}
2026-09-16 12:08:39 [cluster-ClusterId{value='6aaa396fc272c3250b781cb6', description='null'}-localhost:27017] INFO  org.mongodb.driver.cluster - Monitor thread successfully connected to server with description ServerDescription{address=localhost:27017, type=STANDALONE, cryptd=false, state=CONNECTED, ok=true, minWireVersion=0, maxWireVersion=21, maxDocumentSize=16777216, logicalSessionTimeoutMinutes=30, roundTripTimeNanos=21495300, minRoundTripTimeNanos=0}
2026-09-16 12:08:39 [main] DEBUG o.l.security.JwtAuthenticationFilter - Filter 'jwtAuthenticationFilter' configured for use
2026-09-16 12:08:39 [main] INFO  o.s.s.c.a.a.c.InitializeUserDetailsBeanManagerConfigurer$InitializeUserDetailsManagerConfigurer - Global AuthenticationManager configured with UserDetailsService bean with name customUserDetailsService
2026-09-16 12:08:40 [main] INFO  o.s.b.a.e.web.EndpointLinksResolver - Exposing 3 endpoints beneath base path '/actuator'
2026-09-16 12:08:40 [main] DEBUG o.s.s.web.DefaultSecurityFilterChain - Will secure any request with filters: DisableEncodeUrlFilter, WebAsyncManagerIntegrationFilter, SecurityContextHolderFilter, HeaderWriterFilter, CorsFilter, LogoutFilter, JwtAuthenticationFilter, RequestCacheAwareFilter, SecurityContextHolderAwareRequestFilter, AnonymousAuthenticationFilter, SessionManagementFilter, ExceptionTranslationFilter, AuthorizationFilter
2026-09-16 12:08:40 [main] INFO  o.s.b.w.e.tomcat.TomcatWebServer - Tomcat started on port 8088 (http) with context path '/api/v1'
2026-09-16 12:08:40 [main] INFO  org.lifelink.LifeLinkApplication - Started LifeLinkApplication in 4.488 seconds (process running for 4.82)
2026-09-16 12:09:44 [http-nio-8088-exec-1] INFO  o.a.c.c.C.[.[localhost].[/api/v1] - Initializing Spring DispatcherServlet 'dispatcherServlet'
2026-09-16 12:09:44 [http-nio-8088-exec-1] INFO  o.s.web.servlet.DispatcherServlet - Initializing Servlet 'dispatcherServlet'
2026-09-16 12:09:44 [http-nio-8088-exec-1] INFO  o.s.web.servlet.DispatcherServlet - Completed initialization in 3 ms
2026-09-16 12:09:44 [http-nio-8088-exec-1] DEBUG o.s.security.web.FilterChainProxy - Securing GET /actuator/health
2026-09-16 12:09:44 [http-nio-8088-exec-1] DEBUG o.s.s.w.a.AnonymousAuthenticationFilter - Set SecurityContextHolder to anonymous SecurityContext
2026-09-16 12:09:44 [http-nio-8088-exec-1] DEBUG o.s.s.w.a.Http403ForbiddenEntryPoint - Pre-authenticated entry point called. Rejecting access
2026-09-16 12:09:44 [http-nio-8088-exec-1] DEBUG o.s.security.web.FilterChainProxy - Securing GET /error
2026-09-16 12:09:44 [http-nio-8088-exec-1] DEBUG o.s.s.w.a.AnonymousAuthenticationFilter - Set SecurityContextHolder to anonymous SecurityContext
2026-09-16 12:09:44 [http-nio-8088-exec-1] DEBUG o.s.s.w.a.Http403ForbiddenEntryPoint - Pre-authenticated entry point called. Rejecting access
2026-09-16 12:12:37 [http-nio-8088-exec-6] DEBUG o.s.security.web.FilterChainProxy - Securing GET /admin/dashboard/stats
2026-09-16 12:12:37 [http-nio-8088-exec-6] DEBUG o.s.s.w.a.AnonymousAuthenticationFilter - Set SecurityContextHolder to anonymous SecurityContext
2026-09-16 12:12:37 [http-nio-8088-exec-6] DEBUG o.s.s.w.a.Http403ForbiddenEntryPoint - Pre-authenticated entry point called. Rejecting access
2026-09-16 12:12:37 [http-nio-8088-exec-6] DEBUG o.s.security.web.FilterChainProxy - Securing GET /error
2026-09-16 12:12:37 [http-nio-8088-exec-6] DEBUG o.s.s.w.a.AnonymousAuthenticationFilter - Set SecurityContextHolder to anonymous SecurityContext
2026-09-16 12:12:37 [http-nio-8088-exec-6] DEBUG o.s.s.w.a.Http403ForbiddenEntryPoint - Pre-authenticated entry point called. Rejecting access
2026-09-16 12:12:37 [http-nio-8088-exec-4] DEBUG o.s.security.web.FilterChainProxy - Securing GET /admin/dashboard/stats
2026-09-16 12:12:37 [http-nio-8088-exec-4] DEBUG o.s.s.w.a.AnonymousAuthenticationFilter - Set SecurityContextHolder to anonymous SecurityContext
2026-09-16 12:12:37 [http-nio-8088-exec-4] DEBUG o.s.s.w.a.Http403ForbiddenEntryPoint - Pre-authenticated entry point called. Rejecting access
2026-09-16 12:12:37 [http-nio-8088-exec-4] DEBUG o.s.security.web.FilterChainProxy - Securing GET /error
2026-09-16 12:12:37 [http-nio-8088-exec-4] DEBUG o.s.s.w.a.AnonymousAuthenticationFilter - Set SecurityContextHolder to anonymous SecurityContext
2026-09-16 12:12:37 [http-nio-8088-exec-4] DEBUG o.s.s.w.a.Http403ForbiddenEntryPoint - Pre-authenticated entry point called. Rejecting access
2026-09-16 12:13:28 [http-nio-8088-exec-3] DEBUG o.s.security.web.FilterChainProxy - Securing GET /admin/dashboard/stats
2026-09-16 12:13:28 [http-nio-8088-exec-3] DEBUG o.s.s.w.a.AnonymousAuthenticationFilter - Set SecurityContextHolder to anonymous SecurityContext
2026-09-16 12:13:28 [http-nio-8088-exec-3] DEBUG o.s.s.w.a.Http403ForbiddenEntryPoint - Pre-authenticated entry point called. Rejecting access
2026-09-16 12:13:28 [http-nio-8088-exec-3] DEBUG o.s.security.web.FilterChainProxy - Securing GET /error
2026-09-16 12:13:28 [http-nio-8088-exec-3] DEBUG o.s.s.w.a.AnonymousAuthenticationFilter - Set SecurityContextHolder to anonymous SecurityContext
2026-09-16 12:13:28 [http-nio-8088-exec-3] DEBUG o.s.s.w.a.Http403ForbiddenEntryPoint - Pre-authenticated entry point called. Rejecting access
2026-09-16 12:13:28 [http-nio-8088-exec-5] DEBUG o.s.security.web.FilterChainProxy - Securing GET /admin/dashboard/stats
2026-09-16 12:13:28 [http-nio-8088-exec-5] DEBUG o.s.s.w.a.AnonymousAuthenticationFilter - Set SecurityContextHolder to anonymous SecurityContext
2026-09-16 12:13:28 [http-nio-8088-exec-5] DEBUG o.s.s.w.a.Http403ForbiddenEntryPoint - Pre-authenticated entry point called. Rejecting access
2026-09-16 12:13:28 [http-nio-8088-exec-5] DEBUG o.s.security.web.FilterChainProxy - Securing GET /error
2026-09-16 12:13:28 [http-nio-8088-exec-5] DEBUG o.s.s.w.a.AnonymousAuthenticationFilter - Set SecurityContextHolder to anonymous SecurityContext
2026-09-16 12:13:28 [http-nio-8088-exec-5] DEBUG o.s.s.w.a.Http403ForbiddenEntryPoint - Pre-authenticated entry point called. Rejecting access
2026-09-16 12:14:27 [http-nio-8088-exec-7] DEBUG o.s.security.web.FilterChainProxy - Securing GET /admin/dashboard/stats
2026-09-16 12:14:27 [http-nio-8088-exec-7] DEBUG o.s.s.w.a.AnonymousAuthenticationFilter - Set SecurityContextHolder to anonymous SecurityContext
2026-09-16 12:14:27 [http-nio-8088-exec-7] DEBUG o.s.s.w.a.Http403ForbiddenEntryPoint - Pre-authenticated entry point called. Rejecting access
2026-09-16 12:14:27 [http-nio-8088-exec-7] DEBUG o.s.security.web.FilterChainProxy - Securing GET /error
2026-09-16 12:14:27 [http-nio-8088-exec-7] DEBUG o.s.s.w.a.AnonymousAuthenticationFilter - Set SecurityContextHolder to anonymous SecurityContext
2026-09-16 12:14:27 [http-nio-8088-exec-7] DEBUG o.s.s.w.a.Http403ForbiddenEntryPoint - Pre-authenticated entry point called. Rejecting access
2026-09-16 12:14:27 [http-nio-8088-exec-8] DEBUG o.s.security.web.FilterChainProxy - Securing GET /admin/dashboard/stats
2026-09-16 12:14:27 [http-nio-8088-exec-8] DEBUG o.s.s.w.a.AnonymousAuthenticationFilter - Set SecurityContextHolder to anonymous SecurityContext
2026-09-16 12:14:27 [http-nio-8088-exec-8] DEBUG o.s.s.w.a.Http403ForbiddenEntryPoint - Pre-authenticated entry point called. Rejecting access
2026-09-16 12:14:27 [http-nio-8088-exec-8] DEBUG o.s.security.web.FilterChainProxy - Securing GET /error
2026-09-16 12:14:27 [http-nio-8088-exec-8] DEBUG o.s.s.w.a.AnonymousAuthenticationFilter - Set SecurityContextHolder to anonymous SecurityContext
2026-09-16 12:14:27 [http-nio-8088-exec-8] DEBUG o.s.s.w.a.Http403ForbiddenEntryPoint - Pre-authenticated entry point called. Rejecting access
2026-09-16 12:14:58 [http-nio-8088-exec-9] DEBUG o.s.security.web.FilterChainProxy - Securing GET /admin/dashboard/stats
2026-09-16 12:14:58 [http-nio-8088-exec-9] DEBUG o.s.s.w.a.AnonymousAuthenticationFilter - Set SecurityContextHolder to anonymous SecurityContext
2026-09-16 12:14:58 [http-nio-8088-exec-9] DEBUG o.s.s.w.a.Http403ForbiddenEntryPoint - Pre-authenticated entry point called. Rejecting access
2026-09-16 12:14:58 [http-nio-8088-exec-9] DEBUG o.s.security.web.FilterChainProxy - Securing GET /error
2026-09-16 12:14:58 [http-nio-8088-exec-9] DEBUG o.s.s.w.a.AnonymousAuthenticationFilter - Set SecurityContextHolder to anonymous SecurityContext
2026-09-16 12:14:58 [http-nio-8088-exec-9] DEBUG o.s.s.w.a.Http403ForbiddenEntryPoint - Pre-authenticated entry point called. Rejecting access
2026-09-16 12:14:58 [http-nio-8088-exec-10] DEBUG o.s.security.web.FilterChainProxy - Securing GET /admin/dashboard/stats
2026-09-16 12:14:59 [http-nio-8088-exec-10] DEBUG o.s.s.w.a.AnonymousAuthenticationFilter - Set SecurityContextHolder to anonymous SecurityContext
2026-09-16 12:14:59 [http-nio-8088-exec-10] DEBUG o.s.s.w.a.Http403ForbiddenEntryPoint - Pre-authenticated entry point called. Rejecting access
2026-09-16 12:14:59 [http-nio-8088-exec-10] DEBUG o.s.security.web.FilterChainProxy - Securing GET /error
2026-09-16 12:14:59 [http-nio-8088-exec-10] DEBUG o.s.s.w.a.AnonymousAuthenticationFilter - Set SecurityContextHolder to anonymous SecurityContext
2026-09-16 12:14:59 [http-nio-8088-exec-10] DEBUG o.s.s.w.a.Http403ForbiddenEntryPoint - Pre-authenticated entry point called. Rejecting access
2026-09-16 12:20:02 [http-nio-8088-exec-1] DEBUG o.s.security.web.FilterChainProxy - Securing GET /organ-types
2026-09-16 12:20:02 [http-nio-8088-exec-1] DEBUG o.s.s.w.a.AnonymousAuthenticationFilter - Set SecurityContextHolder to anonymous SecurityContext
2026-09-16 12:20:02 [http-nio-8088-exec-1] DEBUG o.s.security.web.FilterChainProxy - Secured GET /organ-types
2026-09-16 12:20:11 [http-nio-8088-exec-2] DEBUG o.s.security.web.FilterChainProxy - Securing GET /admin/dashboard/stats
2026-09-16 12:20:11 [http-nio-8088-exec-2] DEBUG o.s.s.w.a.AnonymousAuthenticationFilter - Set SecurityContextHolder to anonymous SecurityContext
2026-09-16 12:20:11 [http-nio-8088-exec-2] DEBUG o.s.s.w.a.Http403ForbiddenEntryPoint - Pre-authenticated entry point called. Rejecting access
2026-09-16 12:20:11 [http-nio-8088-exec-2] DEBUG o.s.security.web.FilterChainProxy - Securing GET /error
2026-09-16 12:20:11 [http-nio-8088-exec-2] DEBUG o.s.s.w.a.AnonymousAuthenticationFilter - Set SecurityContextHolder to anonymous SecurityContext
2026-09-16 12:20:11 [http-nio-8088-exec-2] DEBUG o.s.s.w.a.Http403ForbiddenEntryPoint - Pre-authenticated entry point called. Rejecting access
2026-09-16 12:20:11 [http-nio-8088-exec-6] DEBUG o.s.security.web.FilterChainProxy - Securing GET /admin/dashboard/stats
2026-09-16 12:20:11 [http-nio-8088-exec-6] DEBUG o.s.s.w.a.AnonymousAuthenticationFilter - Set SecurityContextHolder to anonymous SecurityContext
2026-09-16 12:20:11 [http-nio-8088-exec-6] DEBUG o.s.s.w.a.Http403ForbiddenEntryPoint - Pre-authenticated entry point called. Rejecting access
2026-09-16 12:20:11 [http-nio-8088-exec-6] DEBUG o.s.security.web.FilterChainProxy - Securing GET /error
2026-09-16 12:20:11 [http-nio-8088-exec-6] DEBUG o.s.s.w.a.AnonymousAuthenticationFilter - Set SecurityContextHolder to anonymous SecurityContext
2026-09-16 12:20:11 [http-nio-8088-exec-6] DEBUG o.s.s.w.a.Http403ForbiddenEntryPoint - Pre-authenticated entry point called. Rejecting access
2026-09-16 12:21:00 [http-nio-8088-exec-4] DEBUG o.s.security.web.FilterChainProxy - Securing POST /auth/register
2026-09-16 12:21:01 [http-nio-8088-exec-4] DEBUG o.s.s.w.a.AnonymousAuthenticationFilter - Set SecurityContextHolder to anonymous SecurityContext
2026-09-16 12:21:01 [http-nio-8088-exec-4] DEBUG o.s.security.web.FilterChainProxy - Secured POST /auth/register
2026-09-16 12:21:05 [http-nio-8088-exec-3] DEBUG o.s.security.web.FilterChainProxy - Securing POST /auth/register
2026-09-16 12:21:05 [http-nio-8088-exec-3] DEBUG o.s.s.w.a.AnonymousAuthenticationFilter - Set SecurityContextHolder to anonymous SecurityContext
2026-09-16 12:21:05 [http-nio-8088-exec-3] DEBUG o.s.security.web.FilterChainProxy - Secured POST /auth/register
2026-09-16 12:22:05 [http-nio-8088-exec-5] DEBUG o.s.security.web.FilterChainProxy - Securing POST /auth/register
2026-09-16 12:22:05 [http-nio-8088-exec-5] DEBUG o.s.s.w.a.AnonymousAuthenticationFilter - Set SecurityContextHolder to anonymous SecurityContext
2026-09-16 12:22:05 [http-nio-8088-exec-5] DEBUG o.s.security.web.FilterChainProxy - Secured POST /auth/register
2026-09-16 12:22:34 [http-nio-8088-exec-7] DEBUG o.s.security.web.FilterChainProxy - Securing POST /auth/register
2026-09-16 12:22:34 [http-nio-8088-exec-7] DEBUG o.s.s.w.a.AnonymousAuthenticationFilter - Set SecurityContextHolder to anonymous SecurityContext
2026-09-16 12:22:34 [http-nio-8088-exec-7] DEBUG o.s.security.web.FilterChainProxy - Secured POST /auth/register
2026-09-16 12:22:44 [http-nio-8088-exec-8] DEBUG o.s.security.web.FilterChainProxy - Securing GET /admin/dashboard/stats
2026-09-16 12:22:44 [http-nio-8088-exec-8] DEBUG o.s.s.w.a.AnonymousAuthenticationFilter - Set SecurityContextHolder to anonymous SecurityContext
2026-09-16 12:22:44 [http-nio-8088-exec-8] DEBUG o.s.s.w.a.Http403ForbiddenEntryPoint - Pre-authenticated entry point called. Rejecting access
2026-09-16 12:22:44 [http-nio-8088-exec-8] DEBUG o.s.security.web.FilterChainProxy - Securing GET /error
2026-09-16 12:22:44 [http-nio-8088-exec-8] DEBUG o.s.s.w.a.AnonymousAuthenticationFilter - Set SecurityContextHolder to anonymous SecurityContext
2026-09-16 12:22:44 [http-nio-8088-exec-8] DEBUG o.s.s.w.a.Http403ForbiddenEntryPoint - Pre-authenticated entry point called. Rejecting access
2026-09-16 12:22:44 [http-nio-8088-exec-9] DEBUG o.s.security.web.FilterChainProxy - Securing GET /admin/dashboard/stats
2026-09-16 12:22:44 [http-nio-8088-exec-9] DEBUG o.s.s.w.a.AnonymousAuthenticationFilter - Set SecurityContextHolder to anonymous SecurityContext
2026-09-16 12:22:44 [http-nio-8088-exec-9] DEBUG o.s.s.w.a.Http403ForbiddenEntryPoint - Pre-authenticated entry point called. Rejecting access
2026-09-16 12:22:44 [http-nio-8088-exec-9] DEBUG o.s.security.web.FilterChainProxy - Securing GET /error
2026-09-16 12:22:44 [http-nio-8088-exec-9] DEBUG o.s.s.w.a.AnonymousAuthenticationFilter - Set SecurityContextHolder to anonymous SecurityContext
2026-09-16 12:22:44 [http-nio-8088-exec-9] DEBUG o.s.s.w.a.Http403ForbiddenEntryPoint - Pre-authenticated entry point called. Rejecting access
2026-09-16 12:22:57 [http-nio-8088-exec-10] DEBUG o.s.security.web.FilterChainProxy - Securing GET /admin/dashboard/stats
2026-09-16 12:22:57 [http-nio-8088-exec-10] DEBUG o.s.s.w.a.AnonymousAuthenticationFilter - Set SecurityContextHolder to anonymous SecurityContext
2026-09-16 12:22:57 [http-nio-8088-exec-10] DEBUG o.s.s.w.a.Http403ForbiddenEntryPoint - Pre-authenticated entry point called. Rejecting access
2026-09-16 12:22:57 [http-nio-8088-exec-10] DEBUG o.s.security.web.FilterChainProxy - Securing GET /error
2026-09-16 12:22:57 [http-nio-8088-exec-10] DEBUG o.s.s.w.a.AnonymousAuthenticationFilter - Set SecurityContextHolder to anonymous SecurityContext
2026-09-16 12:22:57 [http-nio-8088-exec-10] DEBUG o.s.s.w.a.Http403ForbiddenEntryPoint - Pre-authenticated entry point called. Rejecting access
2026-09-16 12:22:57 [http-nio-8088-exec-1] DEBUG o.s.security.web.FilterChainProxy - Securing GET /admin/dashboard/stats
2026-09-16 12:22:57 [http-nio-8088-exec-1] DEBUG o.s.s.w.a.AnonymousAuthenticationFilter - Set SecurityContextHolder to anonymous SecurityContext
2026-09-16 12:22:57 [http-nio-8088-exec-1] DEBUG o.s.s.w.a.Http403ForbiddenEntryPoint - Pre-authenticated entry point called. Rejecting access
2026-09-16 12:22:57 [http-nio-8088-exec-1] DEBUG o.s.security.web.FilterChainProxy - Securing GET /error
2026-09-16 12:22:57 [http-nio-8088-exec-1] DEBUG o.s.s.w.a.AnonymousAuthenticationFilter - Set SecurityContextHolder to anonymous SecurityContext
2026-09-16 12:22:57 [http-nio-8088-exec-1] DEBUG o.s.s.w.a.Http403ForbiddenEntryPoint - Pre-authenticated entry point called. Rejecting access
2026-09-16 12:23:06 [http-nio-8088-exec-2] DEBUG o.s.security.web.FilterChainProxy - Securing POST /auth/register
2026-09-16 12:23:06 [http-nio-8088-exec-2] DEBUG o.s.s.w.a.AnonymousAuthenticationFilter - Set SecurityContextHolder to anonymous SecurityContext
2026-09-16 12:23:06 [http-nio-8088-exec-2] DEBUG o.s.security.web.FilterChainProxy - Secured POST /auth/register
2026-09-16 12:24:50 [http-nio-8088-exec-6] DEBUG o.s.security.web.FilterChainProxy - Securing POST /auth/login
2026-09-16 12:24:50 [http-nio-8088-exec-6] DEBUG o.s.s.w.a.AnonymousAuthenticationFilter - Set SecurityContextHolder to anonymous SecurityContext
2026-09-16 12:24:50 [http-nio-8088-exec-6] DEBUG o.s.security.web.FilterChainProxy - Secured POST /auth/login
2026-09-16 12:25:30 [http-nio-8088-exec-4] DEBUG o.s.security.web.FilterChainProxy - Securing POST /auth/login
2026-09-16 12:25:30 [http-nio-8088-exec-4] DEBUG o.s.s.w.a.AnonymousAuthenticationFilter - Set SecurityContextHolder to anonymous SecurityContext
2026-09-16 12:25:30 [http-nio-8088-exec-4] DEBUG o.s.security.web.FilterChainProxy - Secured POST /auth/login
2026-09-16 12:29:17 [main] INFO  org.lifelink.LifeLinkApplication - Starting LifeLinkApplication using Java 23.0.2 with PID 18204 (C:\Users\HP\OneDrive\Desktop\New folder (2)\organ-donation-system\backend\target\classes started by HP in C:\Users\HP\OneDrive\Desktop\New folder (2)\organ-donation-system\backend)
2026-09-16 12:29:17 [main] DEBUG org.lifelink.LifeLinkApplication - Running with Spring Boot v3.4.0, Spring v6.2.0
2026-09-16 12:29:17 [main] INFO  org.lifelink.LifeLinkApplication - No active profile set, falling back to 1 default profile: "default"
2026-09-16 12:29:19 [main] INFO  o.s.d.r.c.RepositoryConfigurationDelegate - Multiple Spring Data modules found, entering strict repository configuration mode
2026-09-16 12:29:19 [main] INFO  o.s.d.r.c.RepositoryConfigurationDelegate - Bootstrapping Spring Data MongoDB repositories in DEFAULT mode.
2026-09-16 12:29:19 [main] INFO  o.s.d.r.c.RepositoryConfigurationDelegate - Finished Spring Data repository scanning in 144 ms. Found 8 MongoDB repository interfaces.
2026-09-16 12:29:21 [main] INFO  o.s.b.w.e.tomcat.TomcatWebServer - Tomcat initialized with port 8088 (http)
2026-09-16 12:29:21 [main] INFO  o.a.catalina.core.StandardService - Starting service [Tomcat]
2026-09-16 12:29:21 [main] INFO  o.a.catalina.core.StandardEngine - Starting Servlet engine: [Apache Tomcat/10.1.33]
2026-09-16 12:29:21 [main] INFO  o.a.c.c.C.[.[localhost].[/api/v1] - Initializing Spring embedded WebApplicationContext
2026-09-16 12:29:21 [main] INFO  o.s.b.w.s.c.ServletWebServerApplicationContext - Root WebApplicationContext: initialization completed in 3181 ms
2026-09-16 12:29:21 [main] INFO  org.mongodb.driver.client - MongoClient with metadata {"driver": {"name": "mongo-java-driver|sync|spring-boot", "version": "5.2.1"}, "os": {"type": "Windows", "name": "Windows 11", "architecture": "amd64", "version": "10.0"}, "platform": "Java/Oracle Corporation/23.0.2+7-58"} created with settings MongoClientSettings{readPreference=primary, writeConcern=WriteConcern{w=null, wTimeout=null ms, journal=null}, retryWrites=true, retryReads=true, readConcern=ReadConcern{level=null}, credential=null, transportSettings=null, commandListeners=[io.micrometer.core.instrument.binder.mongodb.MongoMetricsCommandListener@149d7cc6], codecRegistry=ProvidersCodecRegistry{codecProviders=[ValueCodecProvider{}, BsonValueCodecProvider{}, DBRefCodecProvider{}, DBObjectCodecProvider{}, DocumentCodecProvider{}, CollectionCodecProvider{}, IterableCodecProvider{}, MapCodecProvider{}, GeoJsonCodecProvider{}, GridFSFileCodecProvider{}, Jsr310CodecProvider{}, JsonObjectCodecProvider{}, BsonCodecProvider{}, EnumCodecProvider{}, com.mongodb.client.model.mql.ExpressionCodecProvider@e972ee1, com.mongodb.Jep395RecordCodecProvider@5e24592e, com.mongodb.KotlinCodecProvider@6f0a4e30]}, loggerSettings=LoggerSettings{maxDocumentLength=1000}, clusterSettings={hosts=[localhost:27017], srvServiceName=mongodb, mode=SINGLE, requiredClusterType=UNKNOWN, requiredReplicaSetName='null', serverSelector='null', clusterListeners='[]', serverSelectionTimeout='30000 ms', localThreshold='15 ms'}, socketSettings=SocketSettings{connectTimeoutMS=10000, readTimeoutMS=0, receiveBufferSize=0, proxySettings=ProxySettings{host=null, port=null, username=null, password=null}}, heartbeatSocketSettings=SocketSettings{connectTimeoutMS=10000, readTimeoutMS=10000, receiveBufferSize=0, proxySettings=ProxySettings{host=null, port=null, username=null, password=null}}, connectionPoolSettings=ConnectionPoolSettings{maxSize=100, minSize=0, maxWaitTimeMS=120000, maxConnectionLifeTimeMS=0, maxConnectionIdleTimeMS=0, maintenanceInitialDelayMS=0, maintenanceFrequencyMS=60000, connectionPoolListeners=[io.micrometer.core.instrument.binder.mongodb.MongoMetricsConnectionPoolListener@1b1e1f02], maxConnecting=2}, serverSettings=ServerSettings{heartbeatFrequencyMS=10000, minHeartbeatFrequencyMS=500, serverMonitoringMode=AUTO, serverListeners='[]', serverMonitorListeners='[]'}, sslSettings=SslSettings{enabled=false, invalidHostNameAllowed=false, context=null}, applicationName='null', compressorList=[], uuidRepresentation=JAVA_LEGACY, serverApi=null, autoEncryptionSettings=null, dnsClient=null, inetAddressResolver=null, contextProvider=null, timeoutMS=null}
2026-09-16 12:29:21 [cluster-ClusterId{value='6aaa3e49f930480c1450841b', description='null'}-localhost:27017] INFO  org.mongodb.driver.cluster - Monitor thread successfully connected to server with description ServerDescription{address=localhost:27017, type=STANDALONE, cryptd=false, state=CONNECTED, ok=true, minWireVersion=0, maxWireVersion=21, maxDocumentSize=16777216, logicalSessionTimeoutMinutes=30, roundTripTimeNanos=38281100, minRoundTripTimeNanos=0}
2026-09-16 12:29:22 [main] DEBUG o.l.security.JwtAuthenticationFilter - Filter 'jwtAuthenticationFilter' configured for use
2026-09-16 12:29:23 [main] INFO  o.s.s.c.a.a.c.InitializeUserDetailsBeanManagerConfigurer$InitializeUserDetailsManagerConfigurer - Global AuthenticationManager configured with UserDetailsService bean with name customUserDetailsService
2026-09-16 12:29:24 [main] INFO  o.s.b.a.e.web.EndpointLinksResolver - Exposing 3 endpoints beneath base path '/actuator'
2026-09-16 12:29:25 [main] DEBUG o.s.s.web.DefaultSecurityFilterChain - Will secure any request with filters: DisableEncodeUrlFilter, WebAsyncManagerIntegrationFilter, SecurityContextHolderFilter, HeaderWriterFilter, CorsFilter, LogoutFilter, JwtAuthenticationFilter, RequestCacheAwareFilter, SecurityContextHolderAwareRequestFilter, AnonymousAuthenticationFilter, SessionManagementFilter, ExceptionTranslationFilter, AuthorizationFilter
2026-09-16 12:29:25 [main] INFO  o.s.b.w.e.tomcat.TomcatWebServer - Tomcat started on port 8088 (http) with context path '/api/v1'
2026-09-16 12:29:25 [main] INFO  org.lifelink.LifeLinkApplication - Started LifeLinkApplication in 8.048 seconds (process running for 8.518)
2026-09-16 12:30:07 [http-nio-8088-exec-1] INFO  o.a.c.c.C.[.[localhost].[/api/v1] - Initializing Spring DispatcherServlet 'dispatcherServlet'
2026-09-16 12:30:07 [http-nio-8088-exec-1] INFO  o.s.web.servlet.DispatcherServlet - Initializing Servlet 'dispatcherServlet'
2026-09-16 12:30:07 [http-nio-8088-exec-1] INFO  o.s.web.servlet.DispatcherServlet - Completed initialization in 2 ms
2026-09-16 12:30:07 [http-nio-8088-exec-1] DEBUG o.s.security.web.FilterChainProxy - Securing POST /auth/login
2026-09-16 12:30:07 [http-nio-8088-exec-1] DEBUG o.s.s.w.a.AnonymousAuthenticationFilter - Set SecurityContextHolder to anonymous SecurityContext
2026-09-16 12:30:07 [http-nio-8088-exec-1] DEBUG o.s.security.web.FilterChainProxy - Secured POST /auth/login
2026-09-16 12:30:08 [http-nio-8088-exec-1] DEBUG o.s.s.a.d.DaoAuthenticationProvider - Failed to find user 'admin@lifelink.org'
2026-09-16 12:30:36 [http-nio-8088-exec-2] DEBUG o.s.security.web.FilterChainProxy - Securing POST /auth/register
2026-09-16 12:30:36 [http-nio-8088-exec-2] DEBUG o.s.s.w.a.AnonymousAuthenticationFilter - Set SecurityContextHolder to anonymous SecurityContext
2026-09-16 12:30:36 [http-nio-8088-exec-2] DEBUG o.s.security.web.FilterChainProxy - Secured POST /auth/register
2026-09-16 12:30:57 [http-nio-8088-exec-3] DEBUG o.s.security.web.FilterChainProxy - Securing POST /auth/login
2026-09-16 12:30:57 [http-nio-8088-exec-3] DEBUG o.s.s.w.a.AnonymousAuthenticationFilter - Set SecurityContextHolder to anonymous SecurityContext
2026-09-16 12:30:57 [http-nio-8088-exec-3] DEBUG o.s.security.web.FilterChainProxy - Secured POST /auth/login
2026-09-16 12:30:57 [http-nio-8088-exec-3] DEBUG o.s.s.a.d.DaoAuthenticationProvider - Authenticated user
2026-09-16 12:42:30 [http-nio-8088-exec-8] DEBUG o.s.security.web.FilterChainProxy - Securing GET /admin/dashboard/stats
2026-09-16 12:42:30 [http-nio-8088-exec-8] DEBUG o.s.s.w.a.AnonymousAuthenticationFilter - Set SecurityContextHolder to anonymous SecurityContext
2026-09-16 12:42:30 [http-nio-8088-exec-8] DEBUG o.s.s.w.a.Http403ForbiddenEntryPoint - Pre-authenticated entry point called. Rejecting access
2026-09-16 12:42:30 [http-nio-8088-exec-8] DEBUG o.s.security.web.FilterChainProxy - Securing GET /error
2026-09-16 12:42:30 [http-nio-8088-exec-8] DEBUG o.s.s.w.a.AnonymousAuthenticationFilter - Set SecurityContextHolder to anonymous SecurityContext
2026-09-16 12:42:30 [http-nio-8088-exec-8] DEBUG o.s.s.w.a.Http403ForbiddenEntryPoint - Pre-authenticated entry point called. Rejecting access
2026-09-16 12:42:30 [http-nio-8088-exec-5] DEBUG o.s.security.web.FilterChainProxy - Securing GET /admin/dashboard/stats
2026-09-16 12:42:30 [http-nio-8088-exec-5] DEBUG o.s.s.w.a.AnonymousAuthenticationFilter - Set SecurityContextHolder to anonymous SecurityContext
2026-09-16 12:42:30 [http-nio-8088-exec-5] DEBUG o.s.s.w.a.Http403ForbiddenEntryPoint - Pre-authenticated entry point called. Rejecting access
2026-09-16 12:42:30 [http-nio-8088-exec-5] DEBUG o.s.security.web.FilterChainProxy - Securing GET /error
2026-09-16 12:42:30 [http-nio-8088-exec-5] DEBUG o.s.s.w.a.AnonymousAuthenticationFilter - Set SecurityContextHolder to anonymous SecurityContext
2026-09-16 12:42:30 [http-nio-8088-exec-5] DEBUG o.s.s.w.a.Http403ForbiddenEntryPoint - Pre-authenticated entry point called. Rejecting access
2026-09-16 12:42:31 [http-nio-8088-exec-9] DEBUG o.s.security.web.FilterChainProxy - Securing GET /admin/dashboard/stats
2026-09-16 12:42:31 [http-nio-8088-exec-9] DEBUG o.s.s.w.a.AnonymousAuthenticationFilter - Set SecurityContextHolder to anonymous SecurityContext
2026-09-16 12:42:31 [http-nio-8088-exec-9] DEBUG o.s.s.w.a.Http403ForbiddenEntryPoint - Pre-authenticated entry point called. Rejecting access
2026-09-16 12:42:31 [http-nio-8088-exec-9] DEBUG o.s.security.web.FilterChainProxy - Securing GET /error
2026-09-16 12:42:31 [http-nio-8088-exec-9] DEBUG o.s.s.w.a.AnonymousAuthenticationFilter - Set SecurityContextHolder to anonymous SecurityContext
2026-09-16 12:42:31 [http-nio-8088-exec-9] DEBUG o.s.s.w.a.Http403ForbiddenEntryPoint - Pre-authenticated entry point called. Rejecting access
2026-09-16 12:42:31 [http-nio-8088-exec-10] DEBUG o.s.security.web.FilterChainProxy - Securing GET /admin/dashboard/stats
2026-09-16 12:42:31 [http-nio-8088-exec-10] DEBUG o.s.s.w.a.AnonymousAuthenticationFilter - Set SecurityContextHolder to anonymous SecurityContext
2026-09-16 12:42:31 [http-nio-8088-exec-10] DEBUG o.s.s.w.a.Http403ForbiddenEntryPoint - Pre-authenticated entry point called. Rejecting access
2026-09-16 12:42:31 [http-nio-8088-exec-10] DEBUG o.s.security.web.FilterChainProxy - Securing GET /error
2026-09-16 12:42:31 [http-nio-8088-exec-10] DEBUG o.s.s.w.a.AnonymousAuthenticationFilter - Set SecurityContextHolder to anonymous SecurityContext
2026-09-16 12:42:31 [http-nio-8088-exec-10] DEBUG o.s.s.w.a.Http403ForbiddenEntryPoint - Pre-authenticated entry point called. Rejecting access
2026-09-16 12:42:51 [http-nio-8088-exec-1] DEBUG o.s.security.web.FilterChainProxy - Securing POST /auth/register
2026-09-16 12:42:51 [http-nio-8088-exec-1] DEBUG o.s.s.w.a.AnonymousAuthenticationFilter - Set SecurityContextHolder to anonymous SecurityContext
2026-09-16 12:42:51 [http-nio-8088-exec-1] DEBUG o.s.security.web.FilterChainProxy - Secured POST /auth/register
2026-09-16 12:43:11 [http-nio-8088-exec-4] DEBUG o.s.security.web.FilterChainProxy - Securing POST /auth/login
2026-09-16 12:43:11 [http-nio-8088-exec-4] DEBUG o.s.security.web.FilterChainProxy - Secured POST /auth/login
2026-09-16 12:43:11 [http-nio-8088-exec-4] DEBUG o.s.s.a.d.DaoAuthenticationProvider - Authenticated user
2026-09-16 12:43:11 [http-nio-8088-exec-2] DEBUG o.s.security.web.FilterChainProxy - Securing GET /donors/me
2026-09-16 12:43:11 [http-nio-8088-exec-2] DEBUG o.s.security.web.FilterChainProxy - Secured GET /donors/me
2026-09-16 12:43:11 [http-nio-8088-exec-2] DEBUG o.s.s.a.m.AuthorizationManagerBeforeMethodInterceptor - Authorizing method invocation ReflectiveMethodInvocation: public org.springframework.http.ResponseEntity org.lifelink.controller.DonorController.getMyProfile(org.lifelink.entity.User); target is of class [org.lifelink.controller.DonorController]
2026-09-16 12:43:11 [http-nio-8088-exec-2] DEBUG o.s.s.a.m.AuthorizationManagerBeforeMethodInterceptor - Authorized method invocation ReflectiveMethodInvocation: public org.springframework.http.ResponseEntity org.lifelink.controller.DonorController.getMyProfile(org.lifelink.entity.User); target is of class [org.lifelink.controller.DonorController]
2026-09-16 12:43:11 [http-nio-8088-exec-6] DEBUG o.s.security.web.FilterChainProxy - Securing GET /donors/me
2026-09-16 12:43:11 [http-nio-8088-exec-6] DEBUG o.s.security.web.FilterChainProxy - Secured GET /donors/me
2026-09-16 12:43:11 [http-nio-8088-exec-6] DEBUG o.s.s.a.m.AuthorizationManagerBeforeMethodInterceptor - Authorizing method invocation ReflectiveMethodInvocation: public org.springframework.http.ResponseEntity org.lifelink.controller.DonorController.getMyProfile(org.lifelink.entity.User); target is of class [org.lifelink.controller.DonorController]
2026-09-16 12:43:11 [http-nio-8088-exec-6] DEBUG o.s.s.a.m.AuthorizationManagerBeforeMethodInterceptor - Authorized method invocation ReflectiveMethodInvocation: public org.springframework.http.ResponseEntity org.lifelink.controller.DonorController.getMyProfile(org.lifelink.entity.User); target is of class [org.lifelink.controller.DonorController]
2026-09-16 12:43:26 [http-nio-8088-exec-3] DEBUG o.s.security.web.FilterChainProxy - Securing GET /organ-types
2026-09-16 12:43:26 [http-nio-8088-exec-3] DEBUG o.s.security.web.FilterChainProxy - Secured GET /organ-types
2026-09-16 12:43:26 [http-nio-8088-exec-7] DEBUG o.s.security.web.FilterChainProxy - Securing GET /organ-types
2026-09-16 12:43:26 [http-nio-8088-exec-8] DEBUG o.s.security.web.FilterChainProxy - Securing GET /donors/me
2026-09-16 12:43:26 [http-nio-8088-exec-7] DEBUG o.s.security.web.FilterChainProxy - Secured GET /organ-types
2026-09-16 12:43:26 [http-nio-8088-exec-8] DEBUG o.s.security.web.FilterChainProxy - Secured GET /donors/me
2026-09-16 12:43:26 [http-nio-8088-exec-8] DEBUG o.s.s.a.m.AuthorizationManagerBeforeMethodInterceptor - Authorizing method invocation ReflectiveMethodInvocation: public org.springframework.http.ResponseEntity org.lifelink.controller.DonorController.getMyProfile(org.lifelink.entity.User); target is of class [org.lifelink.controller.DonorController]
2026-09-16 12:43:26 [http-nio-8088-exec-8] DEBUG o.s.s.a.m.AuthorizationManagerBeforeMethodInterceptor - Authorized method invocation ReflectiveMethodInvocation: public org.springframework.http.ResponseEntity org.lifelink.controller.DonorController.getMyProfile(org.lifelink.entity.User); target is of class [org.lifelink.controller.DonorController]
2026-09-16 12:43:26 [http-nio-8088-exec-5] DEBUG o.s.security.web.FilterChainProxy - Securing GET /donors/me
2026-09-16 12:43:26 [http-nio-8088-exec-5] DEBUG o.s.security.web.FilterChainProxy - Secured GET /donors/me
2026-09-16 12:43:26 [http-nio-8088-exec-5] DEBUG o.s.s.a.m.AuthorizationManagerBeforeMethodInterceptor - Authorizing method invocation ReflectiveMethodInvocation: public org.springframework.http.ResponseEntity org.lifelink.controller.DonorController.getMyProfile(org.lifelink.entity.User); target is of class [org.lifelink.controller.DonorController]
2026-09-16 12:43:26 [http-nio-8088-exec-5] DEBUG o.s.s.a.m.AuthorizationManagerBeforeMethodInterceptor - Authorized method invocation ReflectiveMethodInvocation: public org.springframework.http.ResponseEntity org.lifelink.controller.DonorController.getMyProfile(org.lifelink.entity.User); target is of class [org.lifelink.controller.DonorController]
2026-09-16 12:47:07 [http-nio-8088-exec-9] DEBUG o.s.security.web.FilterChainProxy - Securing POST /donors
2026-09-16 12:47:07 [http-nio-8088-exec-9] DEBUG o.s.security.web.FilterChainProxy - Secured POST /donors
2026-09-16 12:47:07 [http-nio-8088-exec-9] DEBUG o.s.s.a.m.AuthorizationManagerBeforeMethodInterceptor - Authorizing method invocation ReflectiveMethodInvocation: public org.springframework.http.ResponseEntity org.lifelink.controller.DonorController.createProfile(org.lifelink.entity.User,org.lifelink.dto.request.DonorProfileRequest); target is of class [org.lifelink.controller.DonorController]
2026-09-16 12:47:07 [http-nio-8088-exec-9] DEBUG o.s.s.a.m.AuthorizationManagerBeforeMethodInterceptor - Authorized method invocation ReflectiveMethodInvocation: public org.springframework.http.ResponseEntity org.lifelink.controller.DonorController.createProfile(org.lifelink.entity.User,org.lifelink.dto.request.DonorProfileRequest); target is of class [org.lifelink.controller.DonorController]
2026-09-16 12:47:32 [http-nio-8088-exec-10] DEBUG o.s.security.web.FilterChainProxy - Securing POST /donors
2026-09-16 12:47:32 [http-nio-8088-exec-10] DEBUG o.s.security.web.FilterChainProxy - Secured POST /donors
2026-09-16 12:47:32 [http-nio-8088-exec-10] DEBUG o.s.s.a.m.AuthorizationManagerBeforeMethodInterceptor - Authorizing method invocation ReflectiveMethodInvocation: public org.springframework.http.ResponseEntity org.lifelink.controller.DonorController.createProfile(org.lifelink.entity.User,org.lifelink.dto.request.DonorProfileRequest); target is of class [org.lifelink.controller.DonorController]
2026-09-16 12:47:32 [http-nio-8088-exec-10] DEBUG o.s.s.a.m.AuthorizationManagerBeforeMethodInterceptor - Authorized method invocation ReflectiveMethodInvocation: public org.springframework.http.ResponseEntity org.lifelink.controller.DonorController.createProfile(org.lifelink.entity.User,org.lifelink.dto.request.DonorProfileRequest); target is of class [org.lifelink.controller.DonorController]
2026-09-16 12:47:40 [http-nio-8088-exec-1] DEBUG o.s.security.web.FilterChainProxy - Securing GET /donors/me
2026-09-16 12:47:40 [http-nio-8088-exec-1] DEBUG o.s.security.web.FilterChainProxy - Secured GET /donors/me
2026-09-16 12:47:40 [http-nio-8088-exec-1] DEBUG o.s.s.a.m.AuthorizationManagerBeforeMethodInterceptor - Authorizing method invocation ReflectiveMethodInvocation: public org.springframework.http.ResponseEntity org.lifelink.controller.DonorController.getMyProfile(org.lifelink.entity.User); target is of class [org.lifelink.controller.DonorController]
2026-09-16 12:47:40 [http-nio-8088-exec-1] DEBUG o.s.s.a.m.AuthorizationManagerBeforeMethodInterceptor - Authorized method invocation ReflectiveMethodInvocation: public org.springframework.http.ResponseEntity org.lifelink.controller.DonorController.getMyProfile(org.lifelink.entity.User); target is of class [org.lifelink.controller.DonorController]
2026-09-16 12:47:40 [http-nio-8088-exec-4] DEBUG o.s.security.web.FilterChainProxy - Securing GET /donors/me
2026-09-16 12:47:40 [http-nio-8088-exec-4] DEBUG o.s.security.web.FilterChainProxy - Secured GET /donors/me
2026-09-16 12:47:40 [http-nio-8088-exec-4] DEBUG o.s.s.a.m.AuthorizationManagerBeforeMethodInterceptor - Authorizing method invocation ReflectiveMethodInvocation: public org.springframework.http.ResponseEntity org.lifelink.controller.DonorController.getMyProfile(org.lifelink.entity.User); target is of class [org.lifelink.controller.DonorController]
2026-09-16 12:47:40 [http-nio-8088-exec-4] DEBUG o.s.s.a.m.AuthorizationManagerBeforeMethodInterceptor - Authorized method invocation ReflectiveMethodInvocation: public org.springframework.http.ResponseEntity org.lifelink.controller.DonorController.getMyProfile(org.lifelink.entity.User); target is of class [org.lifelink.controller.DonorController]
2026-09-16 12:47:49 [http-nio-8088-exec-2] DEBUG o.s.security.web.FilterChainProxy - Securing PUT /donors/1789541963265/consent?consentStatus=APPROVED
2026-09-16 12:47:49 [http-nio-8088-exec-2] DEBUG o.s.security.web.FilterChainProxy - Secured PUT /donors/1789541963265/consent?consentStatus=APPROVED
2026-09-16 12:47:49 [http-nio-8088-exec-2] DEBUG o.s.s.a.m.AuthorizationManagerBeforeMethodInterceptor - Authorizing method invocation ReflectiveMethodInvocation: public org.springframework.http.ResponseEntity org.lifelink.controller.DonorController.updateConsent(java.lang.Long,java.lang.String,org.lifelink.entity.User); target is of class [org.lifelink.controller.DonorController]
2026-09-16 12:47:49 [http-nio-8088-exec-2] DEBUG o.s.s.a.m.AuthorizationManagerBeforeMethodInterceptor - Authorized method invocation ReflectiveMethodInvocation: public org.springframework.http.ResponseEntity org.lifelink.controller.DonorController.updateConsent(java.lang.Long,java.lang.String,org.lifelink.entity.User); target is of class [org.lifelink.controller.DonorController]
2026-09-16 12:47:56 [http-nio-8088-exec-6] DEBUG o.s.security.web.FilterChainProxy - Securing PUT /donors/1789541963265/consent?consentStatus=REVOKED
2026-09-16 12:47:56 [http-nio-8088-exec-6] DEBUG o.s.security.web.FilterChainProxy - Secured PUT /donors/1789541963265/consent?consentStatus=REVOKED
2026-09-16 12:47:56 [http-nio-8088-exec-6] DEBUG o.s.s.a.m.AuthorizationManagerBeforeMethodInterceptor - Authorizing method invocation ReflectiveMethodInvocation: public org.springframework.http.ResponseEntity org.lifelink.controller.DonorController.updateConsent(java.lang.Long,java.lang.String,org.lifelink.entity.User); target is of class [org.lifelink.controller.DonorController]
2026-09-16 12:47:56 [http-nio-8088-exec-6] DEBUG o.s.s.a.m.AuthorizationManagerBeforeMethodInterceptor - Authorized method invocation ReflectiveMethodInvocation: public org.springframework.http.ResponseEntity org.lifelink.controller.DonorController.updateConsent(java.lang.Long,java.lang.String,org.lifelink.entity.User); target is of class [org.lifelink.controller.DonorController]
2026-09-16 12:48:09 [http-nio-8088-exec-3] DEBUG o.s.security.web.FilterChainProxy - Securing GET /organ-types
2026-09-16 12:48:09 [http-nio-8088-exec-3] DEBUG o.s.security.web.FilterChainProxy - Secured GET /organ-types
2026-09-16 12:48:09 [http-nio-8088-exec-7] DEBUG o.s.security.web.FilterChainProxy - Securing GET /organ-types
2026-09-16 12:48:09 [http-nio-8088-exec-8] DEBUG o.s.security.web.FilterChainProxy - Securing GET /donors/me
2026-09-16 12:48:09 [http-nio-8088-exec-7] DEBUG o.s.security.web.FilterChainProxy - Secured GET /organ-types
2026-09-16 12:48:09 [http-nio-8088-exec-8] DEBUG o.s.security.web.FilterChainProxy - Secured GET /donors/me
2026-09-16 12:48:09 [http-nio-8088-exec-8] DEBUG o.s.s.a.m.AuthorizationManagerBeforeMethodInterceptor - Authorizing method invocation ReflectiveMethodInvocation: public org.springframework.http.ResponseEntity org.lifelink.controller.DonorController.getMyProfile(org.lifelink.entity.User); target is of class [org.lifelink.controller.DonorController]
2026-09-16 12:48:09 [http-nio-8088-exec-8] DEBUG o.s.s.a.m.AuthorizationManagerBeforeMethodInterceptor - Authorized method invocation ReflectiveMethodInvocation: public org.springframework.http.ResponseEntity org.lifelink.controller.DonorController.getMyProfile(org.lifelink.entity.User); target is of class [org.lifelink.controller.DonorController]
2026-09-16 12:48:09 [http-nio-8088-exec-5] DEBUG o.s.security.web.FilterChainProxy - Securing GET /donors/me
2026-09-16 12:48:09 [http-nio-8088-exec-5] DEBUG o.s.security.web.FilterChainProxy - Secured GET /donors/me
2026-09-16 12:48:09 [http-nio-8088-exec-5] DEBUG o.s.s.a.m.AuthorizationManagerBeforeMethodInterceptor - Authorizing method invocation ReflectiveMethodInvocation: public org.springframework.http.ResponseEntity org.lifelink.controller.DonorController.getMyProfile(org.lifelink.entity.User); target is of class [org.lifelink.controller.DonorController]
2026-09-16 12:48:09 [http-nio-8088-exec-5] DEBUG o.s.s.a.m.AuthorizationManagerBeforeMethodInterceptor - Authorized method invocation ReflectiveMethodInvocation: public org.springframework.http.ResponseEntity org.lifelink.controller.DonorController.getMyProfile(org.lifelink.entity.User); target is of class [org.lifelink.controller.DonorController]
2026-09-16 12:48:17 [http-nio-8088-exec-9] DEBUG o.s.security.web.FilterChainProxy - Securing GET /donors/me
2026-09-16 12:48:17 [http-nio-8088-exec-9] DEBUG o.s.security.web.FilterChainProxy - Secured GET /donors/me
2026-09-16 12:48:17 [http-nio-8088-exec-9] DEBUG o.s.s.a.m.AuthorizationManagerBeforeMethodInterceptor - Authorizing method invocation ReflectiveMethodInvocation: public org.springframework.http.ResponseEntity org.lifelink.controller.DonorController.getMyProfile(org.lifelink.entity.User); target is of class [org.lifelink.controller.DonorController]
2026-09-16 12:48:17 [http-nio-8088-exec-9] DEBUG o.s.s.a.m.AuthorizationManagerBeforeMethodInterceptor - Authorized method invocation ReflectiveMethodInvocation: public org.springframework.http.ResponseEntity org.lifelink.controller.DonorController.getMyProfile(org.lifelink.entity.User); target is of class [org.lifelink.controller.DonorController]
2026-09-16 12:48:17 [http-nio-8088-exec-10] DEBUG o.s.security.web.FilterChainProxy - Securing GET /donors/me
2026-09-16 12:48:17 [http-nio-8088-exec-10] DEBUG o.s.security.web.FilterChainProxy - Secured GET /donors/me
2026-09-16 12:48:17 [http-nio-8088-exec-10] DEBUG o.s.s.a.m.AuthorizationManagerBeforeMethodInterceptor - Authorizing method invocation ReflectiveMethodInvocation: public org.springframework.http.ResponseEntity org.lifelink.controller.DonorController.getMyProfile(org.lifelink.entity.User); target is of class [org.lifelink.controller.DonorController]
2026-09-16 12:48:17 [http-nio-8088-exec-10] DEBUG o.s.s.a.m.AuthorizationManagerBeforeMethodInterceptor - Authorized method invocation ReflectiveMethodInvocation: public org.springframework.http.ResponseEntity org.lifelink.controller.DonorController.getMyProfile(org.lifelink.entity.User); target is of class [org.lifelink.controller.DonorController]
2026-09-16 12:50:37 [http-nio-8088-exec-1] DEBUG o.s.security.web.FilterChainProxy - Securing POST /auth/register
2026-09-16 12:50:37 [http-nio-8088-exec-1] DEBUG o.s.s.w.a.AnonymousAuthenticationFilter - Set SecurityContextHolder to anonymous SecurityContext
2026-09-16 12:50:37 [http-nio-8088-exec-1] DEBUG o.s.security.web.FilterChainProxy - Secured POST /auth/register
2026-09-16 12:50:50 [http-nio-8088-exec-4] DEBUG o.s.security.web.FilterChainProxy - Securing POST /auth/login
2026-09-16 12:50:50 [http-nio-8088-exec-4] DEBUG o.s.security.web.FilterChainProxy - Secured POST /auth/login
2026-09-16 12:50:50 [http-nio-8088-exec-4] DEBUG o.s.s.a.d.DaoAuthenticationProvider - Authenticated user
2026-09-16 12:50:51 [http-nio-8088-exec-2] DEBUG o.s.security.web.FilterChainProxy - Securing GET /requests/my-requests
2026-09-16 12:50:51 [http-nio-8088-exec-2] DEBUG o.s.security.web.FilterChainProxy - Secured GET /requests/my-requests
2026-09-16 12:50:51 [http-nio-8088-exec-2] DEBUG o.s.s.a.m.AuthorizationManagerBeforeMethodInterceptor - Authorizing method invocation ReflectiveMethodInvocation: public org.springframework.http.ResponseEntity org.lifelink.controller.RequestController.getMyRequests(org.lifelink.entity.User); target is of class [org.lifelink.controller.RequestController]
2026-09-16 12:50:51 [http-nio-8088-exec-2] DEBUG o.s.s.a.m.AuthorizationManagerBeforeMethodInterceptor - Authorized method invocation ReflectiveMethodInvocation: public org.springframework.http.ResponseEntity org.lifelink.controller.RequestController.getMyRequests(org.lifelink.entity.User); target is of class [org.lifelink.controller.RequestController]
2026-09-16 12:50:51 [http-nio-8088-exec-6] DEBUG o.s.security.web.FilterChainProxy - Securing GET /requests/my-requests
2026-09-16 12:50:51 [http-nio-8088-exec-6] DEBUG o.s.security.web.FilterChainProxy - Secured GET /requests/my-requests
2026-09-16 12:50:51 [http-nio-8088-exec-6] DEBUG o.s.s.a.m.AuthorizationManagerBeforeMethodInterceptor - Authorizing method invocation ReflectiveMethodInvocation: public org.springframework.http.ResponseEntity org.lifelink.controller.RequestController.getMyRequests(org.lifelink.entity.User); target is of class [org.lifelink.controller.RequestController]
2026-09-16 12:50:51 [http-nio-8088-exec-6] DEBUG o.s.s.a.m.AuthorizationManagerBeforeMethodInterceptor - Authorized method invocation ReflectiveMethodInvocation: public org.springframework.http.ResponseEntity org.lifelink.controller.RequestController.getMyRequests(org.lifelink.entity.User); target is of class [org.lifelink.controller.RequestController]
2026-09-16 12:51:10 [http-nio-8088-exec-3] DEBUG o.s.security.web.FilterChainProxy - Securing GET /requests/my-requests
2026-09-16 12:51:10 [http-nio-8088-exec-3] DEBUG o.s.security.web.FilterChainProxy - Secured GET /requests/my-requests
2026-09-16 12:51:10 [http-nio-8088-exec-3] DEBUG o.s.s.a.m.AuthorizationManagerBeforeMethodInterceptor - Authorizing method invocation ReflectiveMethodInvocation: public org.springframework.http.ResponseEntity org.lifelink.controller.RequestController.getMyRequests(org.lifelink.entity.User); target is of class [org.lifelink.controller.RequestController]
2026-09-16 12:51:10 [http-nio-8088-exec-3] DEBUG o.s.s.a.m.AuthorizationManagerBeforeMethodInterceptor - Authorized method invocation ReflectiveMethodInvocation: public org.springframework.http.ResponseEntity org.lifelink.controller.RequestController.getMyRequests(org.lifelink.entity.User); target is of class [org.lifelink.controller.RequestController]
2026-09-16 12:51:10 [http-nio-8088-exec-7] DEBUG o.s.security.web.FilterChainProxy - Securing GET /requests/my-requests
2026-09-16 12:51:10 [http-nio-8088-exec-8] DEBUG o.s.security.web.FilterChainProxy - Securing GET /organ-types
2026-09-16 12:51:10 [http-nio-8088-exec-7] DEBUG o.s.security.web.FilterChainProxy - Secured GET /requests/my-requests
2026-09-16 12:51:10 [http-nio-8088-exec-7] DEBUG o.s.s.a.m.AuthorizationManagerBeforeMethodInterceptor - Authorizing method invocation ReflectiveMethodInvocation: public org.springframework.http.ResponseEntity org.lifelink.controller.RequestController.getMyRequests(org.lifelink.entity.User); target is of class [org.lifelink.controller.RequestController]
2026-09-16 12:51:10 [http-nio-8088-exec-7] DEBUG o.s.s.a.m.AuthorizationManagerBeforeMethodInterceptor - Authorized method invocation ReflectiveMethodInvocation: public org.springframework.http.ResponseEntity org.lifelink.controller.RequestController.getMyRequests(org.lifelink.entity.User); target is of class [org.lifelink.controller.RequestController]
2026-09-16 12:51:10 [http-nio-8088-exec-8] DEBUG o.s.security.web.FilterChainProxy - Secured GET /organ-types
2026-09-16 12:51:10 [http-nio-8088-exec-5] DEBUG o.s.security.web.FilterChainProxy - Securing GET /organ-types
2026-09-16 12:51:10 [http-nio-8088-exec-5] DEBUG o.s.security.web.FilterChainProxy - Secured GET /organ-types
2026-09-16 12:51:14 [http-nio-8088-exec-9] DEBUG o.s.security.web.FilterChainProxy - Securing GET /organ-types
2026-09-16 12:51:14 [http-nio-8088-exec-9] DEBUG o.s.security.web.FilterChainProxy - Secured GET /organ-types
2026-09-16 12:51:14 [http-nio-8088-exec-10] DEBUG o.s.security.web.FilterChainProxy - Securing GET /organ-types
2026-09-16 12:51:14 [http-nio-8088-exec-10] DEBUG o.s.security.web.FilterChainProxy - Secured GET /organ-types
2026-09-16 12:51:45 [http-nio-8088-exec-1] DEBUG o.s.security.web.FilterChainProxy - Securing GET /requests/my-requests
2026-09-16 12:51:45 [http-nio-8088-exec-1] DEBUG o.s.security.web.FilterChainProxy - Secured GET /requests/my-requests
2026-09-16 12:51:45 [http-nio-8088-exec-1] DEBUG o.s.s.a.m.AuthorizationManagerBeforeMethodInterceptor - Authorizing method invocation ReflectiveMethodInvocation: public org.springframework.http.ResponseEntity org.lifelink.controller.RequestController.getMyRequests(org.lifelink.entity.User); target is of class [org.lifelink.controller.RequestController]
2026-09-16 12:51:45 [http-nio-8088-exec-1] DEBUG o.s.s.a.m.AuthorizationManagerBeforeMethodInterceptor - Authorized method invocation ReflectiveMethodInvocation: public org.springframework.http.ResponseEntity org.lifelink.controller.RequestController.getMyRequests(org.lifelink.entity.User); target is of class [org.lifelink.controller.RequestController]
2026-09-16 12:51:45 [http-nio-8088-exec-4] DEBUG o.s.security.web.FilterChainProxy - Securing GET /requests/my-requests
2026-09-16 12:51:45 [http-nio-8088-exec-2] DEBUG o.s.security.web.FilterChainProxy - Securing GET /organ-types
2026-09-16 12:51:45 [http-nio-8088-exec-2] DEBUG o.s.security.web.FilterChainProxy - Secured GET /organ-types
2026-09-16 12:51:45 [http-nio-8088-exec-4] DEBUG o.s.security.web.FilterChainProxy - Secured GET /requests/my-requests
2026-09-16 12:51:45 [http-nio-8088-exec-4] DEBUG o.s.s.a.m.AuthorizationManagerBeforeMethodInterceptor - Authorizing method invocation ReflectiveMethodInvocation: public org.springframework.http.ResponseEntity org.lifelink.controller.RequestController.getMyRequests(org.lifelink.entity.User); target is of class [org.lifelink.controller.RequestController]
2026-09-16 12:51:45 [http-nio-8088-exec-4] DEBUG o.s.s.a.m.AuthorizationManagerBeforeMethodInterceptor - Authorized method invocation ReflectiveMethodInvocation: public org.springframework.http.ResponseEntity org.lifelink.controller.RequestController.getMyRequests(org.lifelink.entity.User); target is of class [org.lifelink.controller.RequestController]
2026-09-16 12:51:45 [http-nio-8088-exec-6] DEBUG o.s.security.web.FilterChainProxy - Securing GET /organ-types
2026-09-16 12:51:45 [http-nio-8088-exec-6] DEBUG o.s.security.web.FilterChainProxy - Secured GET /organ-types
2026-09-16 12:51:46 [http-nio-8088-exec-3] DEBUG o.s.security.web.FilterChainProxy - Securing GET /requests/my-requests
2026-09-16 12:51:46 [http-nio-8088-exec-3] DEBUG o.s.security.web.FilterChainProxy - Secured GET /requests/my-requests
2026-09-16 12:51:46 [http-nio-8088-exec-3] DEBUG o.s.s.a.m.AuthorizationManagerBeforeMethodInterceptor - Authorizing method invocation ReflectiveMethodInvocation: public org.springframework.http.ResponseEntity org.lifelink.controller.RequestController.getMyRequests(org.lifelink.entity.User); target is of class [org.lifelink.controller.RequestController]
2026-09-16 12:51:46 [http-nio-8088-exec-3] DEBUG o.s.s.a.m.AuthorizationManagerBeforeMethodInterceptor - Authorized method invocation ReflectiveMethodInvocation: public org.springframework.http.ResponseEntity org.lifelink.controller.RequestController.getMyRequests(org.lifelink.entity.User); target is of class [org.lifelink.controller.RequestController]
2026-09-16 12:51:46 [http-nio-8088-exec-7] DEBUG o.s.security.web.FilterChainProxy - Securing GET /requests/my-requests
2026-09-16 12:51:46 [http-nio-8088-exec-7] DEBUG o.s.security.web.FilterChainProxy - Secured GET /requests/my-requests
2026-09-16 12:51:46 [http-nio-8088-exec-7] DEBUG o.s.s.a.m.AuthorizationManagerBeforeMethodInterceptor - Authorizing method invocation ReflectiveMethodInvocation: public org.springframework.http.ResponseEntity org.lifelink.controller.RequestController.getMyRequests(org.lifelink.entity.User); target is of class [org.lifelink.controller.RequestController]
2026-09-16 12:51:46 [http-nio-8088-exec-7] DEBUG o.s.s.a.m.AuthorizationManagerBeforeMethodInterceptor - Authorized method invocation ReflectiveMethodInvocation: public org.springframework.http.ResponseEntity org.lifelink.controller.RequestController.getMyRequests(org.lifelink.entity.User); target is of class [org.lifelink.controller.RequestController]
2026-09-16 12:51:54 [http-nio-8088-exec-8] DEBUG o.s.security.web.FilterChainProxy - Securing GET /organ-types
2026-09-16 12:51:54 [http-nio-8088-exec-8] DEBUG o.s.security.web.FilterChainProxy - Secured GET /organ-types
2026-09-16 12:51:54 [http-nio-8088-exec-5] DEBUG o.s.security.web.FilterChainProxy - Securing GET /organ-types
2026-09-16 12:51:54 [http-nio-8088-exec-5] DEBUG o.s.security.web.FilterChainProxy - Secured GET /organ-types
2026-09-16 12:53:29 [http-nio-8088-exec-9] DEBUG o.s.security.web.FilterChainProxy - Securing GET /admin/dashboard/stats
2026-09-16 12:53:29 [http-nio-8088-exec-9] DEBUG o.s.s.w.a.AccessDeniedHandlerImpl - Responding with 403 status code
2026-09-16 12:53:29 [http-nio-8088-exec-9] DEBUG o.s.security.web.FilterChainProxy - Securing GET /error
2026-09-16 12:53:29 [http-nio-8088-exec-9] DEBUG o.s.s.w.a.AnonymousAuthenticationFilter - Set SecurityContextHolder to anonymous SecurityContext
2026-09-16 12:53:29 [http-nio-8088-exec-9] DEBUG o.s.s.w.a.Http403ForbiddenEntryPoint - Pre-authenticated entry point called. Rejecting access
2026-09-16 12:53:29 [http-nio-8088-exec-10] DEBUG o.s.security.web.FilterChainProxy - Securing GET /admin/dashboard/stats
2026-09-16 12:53:29 [http-nio-8088-exec-10] DEBUG o.s.s.w.a.AccessDeniedHandlerImpl - Responding with 403 status code
2026-09-16 12:53:29 [http-nio-8088-exec-10] DEBUG o.s.security.web.FilterChainProxy - Securing GET /error
2026-09-16 12:53:29 [http-nio-8088-exec-10] DEBUG o.s.s.w.a.AnonymousAuthenticationFilter - Set SecurityContextHolder to anonymous SecurityContext
2026-09-16 12:53:29 [http-nio-8088-exec-10] DEBUG o.s.s.w.a.Http403ForbiddenEntryPoint - Pre-authenticated entry point called. Rejecting access
2026-09-16 12:53:44 [http-nio-8088-exec-1] DEBUG o.s.security.web.FilterChainProxy - Securing GET /admin/dashboard/stats
2026-09-16 12:53:44 [http-nio-8088-exec-1] DEBUG o.s.s.w.a.AccessDeniedHandlerImpl - Responding with 403 status code
2026-09-16 12:53:44 [http-nio-8088-exec-1] DEBUG o.s.security.web.FilterChainProxy - Securing GET /error
2026-09-16 12:53:44 [http-nio-8088-exec-1] DEBUG o.s.s.w.a.AnonymousAuthenticationFilter - Set SecurityContextHolder to anonymous SecurityContext
2026-09-16 12:53:44 [http-nio-8088-exec-1] DEBUG o.s.s.w.a.Http403ForbiddenEntryPoint - Pre-authenticated entry point called. Rejecting access
2026-09-16 12:53:44 [http-nio-8088-exec-4] DEBUG o.s.security.web.FilterChainProxy - Securing GET /admin/dashboard/stats
2026-09-16 12:53:44 [http-nio-8088-exec-4] DEBUG o.s.s.w.a.AccessDeniedHandlerImpl - Responding with 403 status code
2026-09-16 12:53:44 [http-nio-8088-exec-4] DEBUG o.s.security.web.FilterChainProxy - Securing GET /error
2026-09-16 12:53:44 [http-nio-8088-exec-4] DEBUG o.s.s.w.a.AnonymousAuthenticationFilter - Set SecurityContextHolder to anonymous SecurityContext
2026-09-16 12:53:44 [http-nio-8088-exec-4] DEBUG o.s.s.w.a.Http403ForbiddenEntryPoint - Pre-authenticated entry point called. Rejecting access
2026-09-16 12:56:08 [http-nio-8088-exec-2] DEBUG o.s.security.web.FilterChainProxy - Securing GET /requests/my-requests
2026-09-16 12:56:08 [http-nio-8088-exec-2] DEBUG o.s.security.web.FilterChainProxy - Secured GET /requests/my-requests
2026-09-16 12:56:08 [http-nio-8088-exec-2] DEBUG o.s.s.a.m.AuthorizationManagerBeforeMethodInterceptor - Authorizing method invocation ReflectiveMethodInvocation: public org.springframework.http.ResponseEntity org.lifelink.controller.RequestController.getMyRequests(org.lifelink.entity.User); target is of class [org.lifelink.controller.RequestController]
2026-09-16 12:56:08 [http-nio-8088-exec-2] DEBUG o.s.s.a.m.AuthorizationManagerBeforeMethodInterceptor - Authorized method invocation ReflectiveMethodInvocation: public org.springframework.http.ResponseEntity org.lifelink.controller.RequestController.getMyRequests(org.lifelink.entity.User); target is of class [org.lifelink.controller.RequestController]
2026-09-16 12:56:08 [http-nio-8088-exec-6] DEBUG o.s.security.web.FilterChainProxy - Securing GET /requests/my-requests
2026-09-16 12:56:08 [http-nio-8088-exec-6] DEBUG o.s.security.web.FilterChainProxy - Secured GET /requests/my-requests
2026-09-16 12:56:08 [http-nio-8088-exec-6] DEBUG o.s.s.a.m.AuthorizationManagerBeforeMethodInterceptor - Authorizing method invocation ReflectiveMethodInvocation: public org.springframework.http.ResponseEntity org.lifelink.controller.RequestController.getMyRequests(org.lifelink.entity.User); target is of class [org.lifelink.controller.RequestController]
2026-09-16 12:56:08 [http-nio-8088-exec-6] DEBUG o.s.s.a.m.AuthorizationManagerBeforeMethodInterceptor - Authorized method invocation ReflectiveMethodInvocation: public org.springframework.http.ResponseEntity org.lifelink.controller.RequestController.getMyRequests(org.lifelink.entity.User); target is of class [org.lifelink.controller.RequestController]
2026-09-16 12:56:10 [http-nio-8088-exec-3] DEBUG o.s.security.web.FilterChainProxy - Securing GET /requests/my-requests
2026-09-16 12:56:10 [http-nio-8088-exec-3] DEBUG o.s.security.web.FilterChainProxy - Secured GET /requests/my-requests
2026-09-16 12:56:10 [http-nio-8088-exec-3] DEBUG o.s.s.a.m.AuthorizationManagerBeforeMethodInterceptor - Authorizing method invocation ReflectiveMethodInvocation: public org.springframework.http.ResponseEntity org.lifelink.controller.RequestController.getMyRequests(org.lifelink.entity.User); target is of class [org.lifelink.controller.RequestController]
2026-09-16 12:56:10 [http-nio-8088-exec-3] DEBUG o.s.s.a.m.AuthorizationManagerBeforeMethodInterceptor - Authorized method invocation ReflectiveMethodInvocation: public org.springframework.http.ResponseEntity org.lifelink.controller.RequestController.getMyRequests(org.lifelink.entity.User); target is of class [org.lifelink.controller.RequestController]
2026-09-16 12:56:10 [http-nio-8088-exec-7] DEBUG o.s.security.web.FilterChainProxy - Securing GET /requests/my-requests
2026-09-16 12:56:10 [http-nio-8088-exec-8] DEBUG o.s.security.web.FilterChainProxy - Securing GET /organ-types
2026-09-16 12:56:10 [http-nio-8088-exec-8] DEBUG o.s.security.web.FilterChainProxy - Secured GET /organ-types
2026-09-16 12:56:10 [http-nio-8088-exec-7] DEBUG o.s.security.web.FilterChainProxy - Secured GET /requests/my-requests
2026-09-16 12:56:10 [http-nio-8088-exec-7] DEBUG o.s.s.a.m.AuthorizationManagerBeforeMethodInterceptor - Authorizing method invocation ReflectiveMethodInvocation: public org.springframework.http.ResponseEntity org.lifelink.controller.RequestController.getMyRequests(org.lifelink.entity.User); target is of class [org.lifelink.controller.RequestController]
2026-09-16 12:56:10 [http-nio-8088-exec-7] DEBUG o.s.s.a.m.AuthorizationManagerBeforeMethodInterceptor - Authorized method invocation ReflectiveMethodInvocation: public org.springframework.http.ResponseEntity org.lifelink.controller.RequestController.getMyRequests(org.lifelink.entity.User); target is of class [org.lifelink.controller.RequestController]
2026-09-16 12:56:10 [http-nio-8088-exec-5] DEBUG o.s.security.web.FilterChainProxy - Securing GET /organ-types
2026-09-16 12:56:10 [http-nio-8088-exec-5] DEBUG o.s.security.web.FilterChainProxy - Secured GET /organ-types
2026-09-16 12:57:30 [http-nio-8088-exec-9] DEBUG o.s.security.web.FilterChainProxy - Securing POST /requests
2026-09-16 12:57:30 [http-nio-8088-exec-9] DEBUG o.s.security.web.FilterChainProxy - Secured POST /requests
2026-09-16 12:57:30 [http-nio-8088-exec-9] DEBUG o.s.s.a.m.AuthorizationManagerBeforeMethodInterceptor - Authorizing method invocation ReflectiveMethodInvocation: public org.springframework.http.ResponseEntity org.lifelink.controller.RequestController.createRequest(org.lifelink.entity.User,org.lifelink.dto.request.OrganRequestRequest); target is of class [org.lifelink.controller.RequestController]
2026-09-16 12:57:30 [http-nio-8088-exec-9] DEBUG o.s.s.a.m.AuthorizationManagerBeforeMethodInterceptor - Authorized method invocation ReflectiveMethodInvocation: public org.springframework.http.ResponseEntity org.lifelink.controller.RequestController.createRequest(org.lifelink.entity.User,org.lifelink.dto.request.OrganRequestRequest); target is of class [org.lifelink.controller.RequestController]
2026-09-16 12:57:40 [http-nio-8088-exec-10] DEBUG o.s.security.web.FilterChainProxy - Securing POST /requests
2026-09-16 12:57:40 [http-nio-8088-exec-10] DEBUG o.s.security.web.FilterChainProxy - Secured POST /requests
2026-09-16 12:57:40 [http-nio-8088-exec-10] DEBUG o.s.s.a.m.AuthorizationManagerBeforeMethodInterceptor - Authorizing method invocation ReflectiveMethodInvocation: public org.springframework.http.ResponseEntity org.lifelink.controller.RequestController.createRequest(org.lifelink.entity.User,org.lifelink.dto.request.OrganRequestRequest); target is of class [org.lifelink.controller.RequestController]
2026-09-16 12:57:40 [http-nio-8088-exec-10] DEBUG o.s.s.a.m.AuthorizationManagerBeforeMethodInterceptor - Authorized method invocation ReflectiveMethodInvocation: public org.springframework.http.ResponseEntity org.lifelink.controller.RequestController.createRequest(org.lifelink.entity.User,org.lifelink.dto.request.OrganRequestRequest); target is of class [org.lifelink.controller.RequestController]
2026-09-16 12:57:54 [http-nio-8088-exec-1] DEBUG o.s.security.web.FilterChainProxy - Securing POST /requests
2026-09-16 12:57:54 [http-nio-8088-exec-1] DEBUG o.s.security.web.FilterChainProxy - Secured POST /requests
2026-09-16 12:57:54 [http-nio-8088-exec-1] DEBUG o.s.s.a.m.AuthorizationManagerBeforeMethodInterceptor - Authorizing method invocation ReflectiveMethodInvocation: public org.springframework.http.ResponseEntity org.lifelink.controller.RequestController.createRequest(org.lifelink.entity.User,org.lifelink.dto.request.OrganRequestRequest); target is of class [org.lifelink.controller.RequestController]
2026-09-16 12:57:54 [http-nio-8088-exec-1] DEBUG o.s.s.a.m.AuthorizationManagerBeforeMethodInterceptor - Authorized method invocation ReflectiveMethodInvocation: public org.springframework.http.ResponseEntity org.lifelink.controller.RequestController.createRequest(org.lifelink.entity.User,org.lifelink.dto.request.OrganRequestRequest); target is of class [org.lifelink.controller.RequestController]
2026-09-16 12:57:55 [http-nio-8088-exec-4] DEBUG o.s.security.web.FilterChainProxy - Securing POST /requests
2026-09-16 12:57:55 [http-nio-8088-exec-4] DEBUG o.s.security.web.FilterChainProxy - Secured POST /requests
2026-09-16 12:57:55 [http-nio-8088-exec-4] DEBUG o.s.s.a.m.AuthorizationManagerBeforeMethodInterceptor - Authorizing method invocation ReflectiveMethodInvocation: public org.springframework.http.ResponseEntity org.lifelink.controller.RequestController.createRequest(org.lifelink.entity.User,org.lifelink.dto.request.OrganRequestRequest); target is of class [org.lifelink.controller.RequestController]
2026-09-16 12:57:55 [http-nio-8088-exec-4] DEBUG o.s.s.a.m.AuthorizationManagerBeforeMethodInterceptor - Authorized method invocation ReflectiveMethodInvocation: public org.springframework.http.ResponseEntity org.lifelink.controller.RequestController.createRequest(org.lifelink.entity.User,org.lifelink.dto.request.OrganRequestRequest); target is of class [org.lifelink.controller.RequestController]
2026-09-16 12:58:05 [http-nio-8088-exec-2] DEBUG o.s.security.web.FilterChainProxy - Securing POST /requests
2026-09-16 12:58:05 [http-nio-8088-exec-2] DEBUG o.s.security.web.FilterChainProxy - Secured POST /requests
2026-09-16 12:58:05 [http-nio-8088-exec-2] DEBUG o.s.s.a.m.AuthorizationManagerBeforeMethodInterceptor - Authorizing method invocation ReflectiveMethodInvocation: public org.springframework.http.ResponseEntity org.lifelink.controller.RequestController.createRequest(org.lifelink.entity.User,org.lifelink.dto.request.OrganRequestRequest); target is of class [org.lifelink.controller.RequestController]
2026-09-16 12:58:05 [http-nio-8088-exec-2] DEBUG o.s.s.a.m.AuthorizationManagerBeforeMethodInterceptor - Authorized method invocation ReflectiveMethodInvocation: public org.springframework.http.ResponseEntity org.lifelink.controller.RequestController.createRequest(org.lifelink.entity.User,org.lifelink.dto.request.OrganRequestRequest); target is of class [org.lifelink.controller.RequestController]
2026-09-16 12:58:52 [http-nio-8088-exec-6] DEBUG o.s.security.web.FilterChainProxy - Securing POST /requests
2026-09-16 12:58:52 [http-nio-8088-exec-6] DEBUG o.s.security.web.FilterChainProxy - Secured POST /requests
2026-09-16 12:58:52 [http-nio-8088-exec-6] DEBUG o.s.s.a.m.AuthorizationManagerBeforeMethodInterceptor - Authorizing method invocation ReflectiveMethodInvocation: public org.springframework.http.ResponseEntity org.lifelink.controller.RequestController.createRequest(org.lifelink.entity.User,org.lifelink.dto.request.OrganRequestRequest); target is of class [org.lifelink.controller.RequestController]
2026-09-16 12:58:52 [http-nio-8088-exec-6] DEBUG o.s.s.a.m.AuthorizationManagerBeforeMethodInterceptor - Authorized method invocation ReflectiveMethodInvocation: public org.springframework.http.ResponseEntity org.lifelink.controller.RequestController.createRequest(org.lifelink.entity.User,org.lifelink.dto.request.OrganRequestRequest); target is of class [org.lifelink.controller.RequestController]
2026-09-16 13:01:56 [main] INFO  org.lifelink.LifeLinkApplication - Starting LifeLinkApplication using Java 23.0.2 with PID 23932 (C:\Users\HP\OneDrive\Desktop\New folder (2)\organ-donation-system\backend\target\classes started by HP in C:\Users\HP\OneDrive\Desktop\New folder (2)\organ-donation-system\backend)
2026-09-16 13:01:56 [main] DEBUG org.lifelink.LifeLinkApplication - Running with Spring Boot v3.4.0, Spring v6.2.0
2026-09-16 13:01:56 [main] INFO  org.lifelink.LifeLinkApplication - No active profile set, falling back to 1 default profile: "default"
2026-09-16 13:01:57 [main] INFO  o.s.d.r.c.RepositoryConfigurationDelegate - Multiple Spring Data modules found, entering strict repository configuration mode
2026-09-16 13:01:57 [main] INFO  o.s.d.r.c.RepositoryConfigurationDelegate - Bootstrapping Spring Data MongoDB repositories in DEFAULT mode.
2026-09-16 13:01:57 [main] INFO  o.s.d.r.c.RepositoryConfigurationDelegate - Finished Spring Data repository scanning in 73 ms. Found 8 MongoDB repository interfaces.
2026-09-16 13:01:58 [main] INFO  o.s.b.w.e.tomcat.TomcatWebServer - Tomcat initialized with port 8088 (http)
2026-09-16 13:01:58 [main] INFO  o.a.catalina.core.StandardService - Starting service [Tomcat]
2026-09-16 13:01:58 [main] INFO  o.a.catalina.core.StandardEngine - Starting Servlet engine: [Apache Tomcat/10.1.33]
2026-09-16 13:01:58 [main] INFO  o.a.c.c.C.[.[localhost].[/api/v1] - Initializing Spring embedded WebApplicationContext
2026-09-16 13:01:58 [main] INFO  o.s.b.w.s.c.ServletWebServerApplicationContext - Root WebApplicationContext: initialization completed in 1958 ms
2026-09-16 13:01:59 [main] INFO  org.mongodb.driver.client - MongoClient with metadata {"driver": {"name": "mongo-java-driver|sync|spring-boot", "version": "5.2.1"}, "os": {"type": "Windows", "name": "Windows 11", "architecture": "amd64", "version": "10.0"}, "platform": "Java/Oracle Corporation/23.0.2+7-58"} created with settings MongoClientSettings{readPreference=primary, writeConcern=WriteConcern{w=null, wTimeout=null ms, journal=null}, retryWrites=true, retryReads=true, readConcern=ReadConcern{level=null}, credential=null, transportSettings=null, commandListeners=[io.micrometer.core.instrument.binder.mongodb.MongoMetricsCommandListener@58b97c15], codecRegistry=ProvidersCodecRegistry{codecProviders=[ValueCodecProvider{}, BsonValueCodecProvider{}, DBRefCodecProvider{}, DBObjectCodecProvider{}, DocumentCodecProvider{}, CollectionCodecProvider{}, IterableCodecProvider{}, MapCodecProvider{}, GeoJsonCodecProvider{}, GridFSFileCodecProvider{}, Jsr310CodecProvider{}, JsonObjectCodecProvider{}, BsonCodecProvider{}, EnumCodecProvider{}, com.mongodb.client.model.mql.ExpressionCodecProvider@b94703b, com.mongodb.Jep395RecordCodecProvider@33a47707, com.mongodb.KotlinCodecProvider@4d290757]}, loggerSettings=LoggerSettings{maxDocumentLength=1000}, clusterSettings={hosts=[localhost:27017], srvServiceName=mongodb, mode=SINGLE, requiredClusterType=UNKNOWN, requiredReplicaSetName='null', serverSelector='null', clusterListeners='[]', serverSelectionTimeout='30000 ms', localThreshold='15 ms'}, socketSettings=SocketSettings{connectTimeoutMS=10000, readTimeoutMS=0, receiveBufferSize=0, proxySettings=ProxySettings{host=null, port=null, username=null, password=null}}, heartbeatSocketSettings=SocketSettings{connectTimeoutMS=10000, readTimeoutMS=10000, receiveBufferSize=0, proxySettings=ProxySettings{host=null, port=null, username=null, password=null}}, connectionPoolSettings=ConnectionPoolSettings{maxSize=100, minSize=0, maxWaitTimeMS=120000, maxConnectionLifeTimeMS=0, maxConnectionIdleTimeMS=0, maintenanceInitialDelayMS=0, maintenanceFrequencyMS=60000, connectionPoolListeners=[io.micrometer.core.instrument.binder.mongodb.MongoMetricsConnectionPoolListener@1d77746b], maxConnecting=2}, serverSettings=ServerSettings{heartbeatFrequencyMS=10000, minHeartbeatFrequencyMS=500, serverMonitoringMode=AUTO, serverListeners='[]', serverMonitorListeners='[]'}, sslSettings=SslSettings{enabled=false, invalidHostNameAllowed=false, context=null}, applicationName='null', compressorList=[], uuidRepresentation=JAVA_LEGACY, serverApi=null, autoEncryptionSettings=null, dnsClient=null, inetAddressResolver=null, contextProvider=null, timeoutMS=null}
2026-09-16 13:01:59 [cluster-ClusterId{value='6aaa45eec81ca648720b98af', description='null'}-localhost:27017] INFO  org.mongodb.driver.cluster - Monitor thread successfully connected to server with description ServerDescription{address=localhost:27017, type=STANDALONE, cryptd=false, state=CONNECTED, ok=true, minWireVersion=0, maxWireVersion=21, maxDocumentSize=16777216, logicalSessionTimeoutMinutes=30, roundTripTimeNanos=24362700, minRoundTripTimeNanos=0}
2026-09-16 13:01:59 [main] DEBUG o.l.security.JwtAuthenticationFilter - Filter 'jwtAuthenticationFilter' configured for use
2026-09-16 13:01:59 [main] INFO  o.s.s.c.a.a.c.InitializeUserDetailsBeanManagerConfigurer$InitializeUserDetailsManagerConfigurer - Global AuthenticationManager configured with UserDetailsService bean with name customUserDetailsService
2026-09-16 13:02:00 [main] INFO  o.s.b.a.e.web.EndpointLinksResolver - Exposing 3 endpoints beneath base path '/actuator'
2026-09-16 13:02:00 [main] DEBUG o.s.s.web.DefaultSecurityFilterChain - Will secure any request with filters: DisableEncodeUrlFilter, WebAsyncManagerIntegrationFilter, SecurityContextHolderFilter, HeaderWriterFilter, CorsFilter, LogoutFilter, JwtAuthenticationFilter, RequestCacheAwareFilter, SecurityContextHolderAwareRequestFilter, AnonymousAuthenticationFilter, SessionManagementFilter, ExceptionTranslationFilter, AuthorizationFilter
2026-09-16 13:02:01 [main] INFO  o.s.b.w.e.tomcat.TomcatWebServer - Tomcat started on port 8088 (http) with context path '/api/v1'
2026-09-16 13:02:01 [main] INFO  org.lifelink.LifeLinkApplication - Started LifeLinkApplication in 4.963 seconds (process running for 5.351)
2026-09-16 13:02:11 [http-nio-8088-exec-1] INFO  o.a.c.c.C.[.[localhost].[/api/v1] - Initializing Spring DispatcherServlet 'dispatcherServlet'
2026-09-16 13:02:11 [http-nio-8088-exec-1] INFO  o.s.web.servlet.DispatcherServlet - Initializing Servlet 'dispatcherServlet'
2026-09-16 13:02:11 [http-nio-8088-exec-1] INFO  o.s.web.servlet.DispatcherServlet - Completed initialization in 3 ms
2026-09-16 13:02:11 [http-nio-8088-exec-1] DEBUG o.s.security.web.FilterChainProxy - Securing GET /organ-types
2026-09-16 13:02:11 [http-nio-8088-exec-1] DEBUG o.s.s.w.a.AnonymousAuthenticationFilter - Set SecurityContextHolder to anonymous SecurityContext
2026-09-16 13:02:11 [http-nio-8088-exec-1] DEBUG o.s.security.web.FilterChainProxy - Secured GET /organ-types
2026-09-16 13:02:50 [http-nio-8088-exec-3] DEBUG o.s.security.web.FilterChainProxy - Securing POST /auth/register
2026-09-16 13:02:50 [http-nio-8088-exec-3] DEBUG o.s.s.w.a.AnonymousAuthenticationFilter - Set SecurityContextHolder to anonymous SecurityContext
2026-09-16 13:02:50 [http-nio-8088-exec-3] DEBUG o.s.security.web.FilterChainProxy - Secured POST /auth/register
2026-09-16 13:02:50 [http-nio-8088-exec-4] DEBUG o.s.security.web.FilterChainProxy - Securing POST /requests
2026-09-16 13:02:50 [http-nio-8088-exec-4] DEBUG o.s.security.web.FilterChainProxy - Secured POST /requests
2026-09-16 13:02:50 [http-nio-8088-exec-4] DEBUG o.s.s.a.m.AuthorizationManagerBeforeMethodInterceptor - Authorizing method invocation ReflectiveMethodInvocation: public org.springframework.http.ResponseEntity org.lifelink.controller.RequestController.createRequest(org.lifelink.entity.User,org.lifelink.dto.request.OrganRequestRequest); target is of class [org.lifelink.controller.RequestController]
2026-09-16 13:02:50 [http-nio-8088-exec-4] DEBUG o.s.s.a.m.AuthorizationManagerBeforeMethodInterceptor - Authorized method invocation ReflectiveMethodInvocation: public org.springframework.http.ResponseEntity org.lifelink.controller.RequestController.createRequest(org.lifelink.entity.User,org.lifelink.dto.request.OrganRequestRequest); target is of class [org.lifelink.controller.RequestController]
2026-09-16 13:03:02 [http-nio-8088-exec-6] DEBUG o.s.security.web.FilterChainProxy - Securing POST /requests
2026-09-16 13:03:02 [http-nio-8088-exec-6] DEBUG o.s.security.web.FilterChainProxy - Secured POST /requests
2026-09-16 13:03:02 [http-nio-8088-exec-6] DEBUG o.s.s.a.m.AuthorizationManagerBeforeMethodInterceptor - Authorizing method invocation ReflectiveMethodInvocation: public org.springframework.http.ResponseEntity org.lifelink.controller.RequestController.createRequest(org.lifelink.entity.User,org.lifelink.dto.request.OrganRequestRequest); target is of class [org.lifelink.controller.RequestController]
2026-09-16 13:03:02 [http-nio-8088-exec-6] DEBUG o.s.s.a.m.AuthorizationManagerBeforeMethodInterceptor - Authorized method invocation ReflectiveMethodInvocation: public org.springframework.http.ResponseEntity org.lifelink.controller.RequestController.createRequest(org.lifelink.entity.User,org.lifelink.dto.request.OrganRequestRequest); target is of class [org.lifelink.controller.RequestController]
2026-09-16 13:03:02 [http-nio-8088-exec-10] DEBUG o.s.security.web.FilterChainProxy - Securing GET /requests/my-requests
2026-09-16 13:03:02 [http-nio-8088-exec-10] DEBUG o.s.security.web.FilterChainProxy - Secured GET /requests/my-requests
2026-09-16 13:03:02 [http-nio-8088-exec-10] DEBUG o.s.s.a.m.AuthorizationManagerBeforeMethodInterceptor - Authorizing method invocation ReflectiveMethodInvocation: public org.springframework.http.ResponseEntity org.lifelink.controller.RequestController.getMyRequests(org.lifelink.entity.User); target is of class [org.lifelink.controller.RequestController]
2026-09-16 13:03:02 [http-nio-8088-exec-10] DEBUG o.s.s.a.m.AuthorizationManagerBeforeMethodInterceptor - Authorized method invocation ReflectiveMethodInvocation: public org.springframework.http.ResponseEntity org.lifelink.controller.RequestController.getMyRequests(org.lifelink.entity.User); target is of class [org.lifelink.controller.RequestController]
2026-09-16 13:03:02 [http-nio-8088-exec-8] DEBUG o.s.security.web.FilterChainProxy - Securing GET /organ-types
2026-09-16 13:03:02 [http-nio-8088-exec-8] DEBUG o.s.security.web.FilterChainProxy - Secured GET /organ-types
2026-09-16 13:03:18 [http-nio-8088-exec-9] DEBUG o.s.security.web.FilterChainProxy - Securing GET /organ-types
2026-09-16 13:03:18 [http-nio-8088-exec-9] DEBUG o.s.security.web.FilterChainProxy - Secured GET /organ-types
2026-09-16 13:03:18 [http-nio-8088-exec-7] DEBUG o.s.security.web.FilterChainProxy - Securing GET /organ-types
2026-09-16 13:03:18 [http-nio-8088-exec-7] DEBUG o.s.security.web.FilterChainProxy - Secured GET /organ-types
2026-09-16 13:03:37 [http-nio-8088-exec-1] DEBUG o.s.security.web.FilterChainProxy - Securing GET /requests/my-requests
2026-09-16 13:03:37 [http-nio-8088-exec-1] DEBUG o.s.security.web.FilterChainProxy - Secured GET /requests/my-requests
2026-09-16 13:03:37 [http-nio-8088-exec-1] DEBUG o.s.s.a.m.AuthorizationManagerBeforeMethodInterceptor - Authorizing method invocation ReflectiveMethodInvocation: public org.springframework.http.ResponseEntity org.lifelink.controller.RequestController.getMyRequests(org.lifelink.entity.User); target is of class [org.lifelink.controller.RequestController]
2026-09-16 13:03:37 [http-nio-8088-exec-1] DEBUG o.s.s.a.m.AuthorizationManagerBeforeMethodInterceptor - Authorized method invocation ReflectiveMethodInvocation: public org.springframework.http.ResponseEntity org.lifelink.controller.RequestController.getMyRequests(org.lifelink.entity.User); target is of class [org.lifelink.controller.RequestController]
2026-09-16 13:03:37 [http-nio-8088-exec-2] DEBUG o.s.security.web.FilterChainProxy - Securing GET /requests/my-requests
2026-09-16 13:03:37 [http-nio-8088-exec-2] DEBUG o.s.security.web.FilterChainProxy - Secured GET /requests/my-requests
2026-09-16 13:03:37 [http-nio-8088-exec-2] DEBUG o.s.s.a.m.AuthorizationManagerBeforeMethodInterceptor - Authorizing method invocation ReflectiveMethodInvocation: public org.springframework.http.ResponseEntity org.lifelink.controller.RequestController.getMyRequests(org.lifelink.entity.User); target is of class [org.lifelink.controller.RequestController]
2026-09-16 13:03:37 [http-nio-8088-exec-2] DEBUG o.s.s.a.m.AuthorizationManagerBeforeMethodInterceptor - Authorized method invocation ReflectiveMethodInvocation: public org.springframework.http.ResponseEntity org.lifelink.controller.RequestController.getMyRequests(org.lifelink.entity.User); target is of class [org.lifelink.controller.RequestController]
2026-09-16 13:03:55 [http-nio-8088-exec-3] DEBUG o.s.security.web.FilterChainProxy - Securing POST /auth/login
2026-09-16 13:03:55 [http-nio-8088-exec-3] DEBUG o.s.s.w.a.AnonymousAuthenticationFilter - Set SecurityContextHolder to anonymous SecurityContext
2026-09-16 13:03:55 [http-nio-8088-exec-3] DEBUG o.s.security.web.FilterChainProxy - Secured POST /auth/login
2026-09-16 13:03:56 [http-nio-8088-exec-3] DEBUG o.s.s.a.d.DaoAuthenticationProvider - Authenticated user
2026-09-16 13:03:56 [http-nio-8088-exec-4] DEBUG o.s.security.web.FilterChainProxy - Securing GET /donors/me
2026-09-16 13:03:56 [http-nio-8088-exec-4] DEBUG o.s.security.web.FilterChainProxy - Secured GET /donors/me
2026-09-16 13:03:56 [http-nio-8088-exec-4] DEBUG o.s.s.a.m.AuthorizationManagerBeforeMethodInterceptor - Authorizing method invocation ReflectiveMethodInvocation: public org.springframework.http.ResponseEntity org.lifelink.controller.DonorController.getMyProfile(org.lifelink.entity.User); target is of class [org.lifelink.controller.DonorController]
2026-09-16 13:03:56 [http-nio-8088-exec-4] DEBUG o.s.s.a.m.AuthorizationManagerBeforeMethodInterceptor - Authorized method invocation ReflectiveMethodInvocation: public org.springframework.http.ResponseEntity org.lifelink.controller.DonorController.getMyProfile(org.lifelink.entity.User); target is of class [org.lifelink.controller.DonorController]
2026-09-16 13:03:56 [http-nio-8088-exec-5] DEBUG o.s.security.web.FilterChainProxy - Securing GET /donors/me
2026-09-16 13:03:56 [http-nio-8088-exec-5] DEBUG o.s.security.web.FilterChainProxy - Secured GET /donors/me
2026-09-16 13:03:56 [http-nio-8088-exec-5] DEBUG o.s.s.a.m.AuthorizationManagerBeforeMethodInterceptor - Authorizing method invocation ReflectiveMethodInvocation: public org.springframework.http.ResponseEntity org.lifelink.controller.DonorController.getMyProfile(org.lifelink.entity.User); target is of class [org.lifelink.controller.DonorController]
2026-09-16 13:03:56 [http-nio-8088-exec-5] DEBUG o.s.s.a.m.AuthorizationManagerBeforeMethodInterceptor - Authorized method invocation ReflectiveMethodInvocation: public org.springframework.http.ResponseEntity org.lifelink.controller.DonorController.getMyProfile(org.lifelink.entity.User); target is of class [org.lifelink.controller.DonorController]
2026-09-16 13:03:58 [http-nio-8088-exec-6] DEBUG o.s.security.web.FilterChainProxy - Securing PUT /donors/1789541963265/consent?consentStatus=APPROVED
2026-09-16 13:03:58 [http-nio-8088-exec-6] DEBUG o.s.security.web.FilterChainProxy - Secured PUT /donors/1789541963265/consent?consentStatus=APPROVED
2026-09-16 13:03:58 [http-nio-8088-exec-6] DEBUG o.s.s.a.m.AuthorizationManagerBeforeMethodInterceptor - Authorizing method invocation ReflectiveMethodInvocation: public org.springframework.http.ResponseEntity org.lifelink.controller.DonorController.updateConsent(java.lang.Long,java.lang.String,org.lifelink.entity.User); target is of class [org.lifelink.controller.DonorController]
2026-09-16 13:03:58 [http-nio-8088-exec-6] DEBUG o.s.s.a.m.AuthorizationManagerBeforeMethodInterceptor - Authorized method invocation ReflectiveMethodInvocation: public org.springframework.http.ResponseEntity org.lifelink.controller.DonorController.updateConsent(java.lang.Long,java.lang.String,org.lifelink.entity.User); target is of class [org.lifelink.controller.DonorController]
2026-09-16 13:04:48 [http-nio-8088-exec-10] DEBUG o.s.security.web.FilterChainProxy - Securing POST /auth/login
2026-09-16 13:04:48 [http-nio-8088-exec-10] DEBUG o.s.s.w.a.AnonymousAuthenticationFilter - Set SecurityContextHolder to anonymous SecurityContext
2026-09-16 13:04:48 [http-nio-8088-exec-10] DEBUG o.s.security.web.FilterChainProxy - Secured POST /auth/login
2026-09-16 13:04:48 [http-nio-8088-exec-10] DEBUG o.s.s.a.d.DaoAuthenticationProvider - Authenticated user
2026-09-16 13:04:49 [http-nio-8088-exec-8] DEBUG o.s.security.web.FilterChainProxy - Securing GET /requests/my-requests
2026-09-16 13:04:49 [http-nio-8088-exec-8] DEBUG o.s.security.web.FilterChainProxy - Secured GET /requests/my-requests
2026-09-16 13:04:49 [http-nio-8088-exec-8] DEBUG o.s.s.a.m.AuthorizationManagerBeforeMethodInterceptor - Authorizing method invocation ReflectiveMethodInvocation: public org.springframework.http.ResponseEntity org.lifelink.controller.RequestController.getMyRequests(org.lifelink.entity.User); target is of class [org.lifelink.controller.RequestController]
2026-09-16 13:04:49 [http-nio-8088-exec-8] DEBUG o.s.s.a.m.AuthorizationManagerBeforeMethodInterceptor - Authorized method invocation ReflectiveMethodInvocation: public org.springframework.http.ResponseEntity org.lifelink.controller.RequestController.getMyRequests(org.lifelink.entity.User); target is of class [org.lifelink.controller.RequestController]
2026-09-16 13:04:49 [http-nio-8088-exec-9] DEBUG o.s.security.web.FilterChainProxy - Securing GET /requests/my-requests
2026-09-16 13:04:49 [http-nio-8088-exec-9] DEBUG o.s.security.web.FilterChainProxy - Secured GET /requests/my-requests
2026-09-16 13:04:49 [http-nio-8088-exec-9] DEBUG o.s.s.a.m.AuthorizationManagerBeforeMethodInterceptor - Authorizing method invocation ReflectiveMethodInvocation: public org.springframework.http.ResponseEntity org.lifelink.controller.RequestController.getMyRequests(org.lifelink.entity.User); target is of class [org.lifelink.controller.RequestController]
2026-09-16 13:04:49 [http-nio-8088-exec-9] DEBUG o.s.s.a.m.AuthorizationManagerBeforeMethodInterceptor - Authorized method invocation ReflectiveMethodInvocation: public org.springframework.http.ResponseEntity org.lifelink.controller.RequestController.getMyRequests(org.lifelink.entity.User); target is of class [org.lifelink.controller.RequestController]
2026-09-16 13:04:54 [http-nio-8088-exec-7] DEBUG o.s.security.web.FilterChainProxy - Securing GET /organ-types
2026-09-16 13:04:54 [http-nio-8088-exec-7] DEBUG o.s.security.web.FilterChainProxy - Secured GET /organ-types
2026-09-16 13:04:54 [http-nio-8088-exec-1] DEBUG o.s.security.web.FilterChainProxy - Securing GET /organ-types
2026-09-16 13:04:54 [http-nio-8088-exec-1] DEBUG o.s.security.web.FilterChainProxy - Secured GET /organ-types
2026-09-16 13:06:16 [http-nio-8088-exec-2] DEBUG o.s.security.web.FilterChainProxy - Securing POST /auth/register
2026-09-16 13:06:16 [http-nio-8088-exec-2] DEBUG o.s.s.w.a.AnonymousAuthenticationFilter - Set SecurityContextHolder to anonymous SecurityContext
2026-09-16 13:06:16 [http-nio-8088-exec-2] DEBUG o.s.security.web.FilterChainProxy - Secured POST /auth/register
2026-09-16 13:06:30 [http-nio-8088-exec-3] DEBUG o.s.security.web.FilterChainProxy - Securing POST /auth/login
2026-09-16 13:06:30 [http-nio-8088-exec-3] DEBUG o.s.security.web.FilterChainProxy - Secured POST /auth/login
2026-09-16 13:06:30 [http-nio-8088-exec-3] DEBUG o.s.s.a.d.DaoAuthenticationProvider - Authenticated user
2026-09-16 13:06:31 [http-nio-8088-exec-4] DEBUG o.s.security.web.FilterChainProxy - Securing GET /admin/dashboard/stats
2026-09-16 13:06:31 [http-nio-8088-exec-4] DEBUG o.s.security.web.FilterChainProxy - Secured GET /admin/dashboard/stats
2026-09-16 13:06:31 [http-nio-8088-exec-4] DEBUG o.s.s.a.m.AuthorizationManagerBeforeMethodInterceptor - Authorizing method invocation ReflectiveMethodInvocation: public org.springframework.http.ResponseEntity org.lifelink.controller.AdminController.getDashboardStats(); target is of class [org.lifelink.controller.AdminController]
2026-09-16 13:06:31 [http-nio-8088-exec-4] DEBUG o.s.s.a.m.AuthorizationManagerBeforeMethodInterceptor - Authorized method invocation ReflectiveMethodInvocation: public org.springframework.http.ResponseEntity org.lifelink.controller.AdminController.getDashboardStats(); target is of class [org.lifelink.controller.AdminController]
2026-09-16 13:06:31 [http-nio-8088-exec-5] DEBUG o.s.security.web.FilterChainProxy - Securing GET /admin/dashboard/stats
2026-09-16 13:06:31 [http-nio-8088-exec-5] DEBUG o.s.security.web.FilterChainProxy - Secured GET /admin/dashboard/stats
2026-09-16 13:06:31 [http-nio-8088-exec-5] DEBUG o.s.s.a.m.AuthorizationManagerBeforeMethodInterceptor - Authorizing method invocation ReflectiveMethodInvocation: public org.springframework.http.ResponseEntity org.lifelink.controller.AdminController.getDashboardStats(); target is of class [org.lifelink.controller.AdminController]
2026-09-16 13:06:31 [http-nio-8088-exec-5] DEBUG o.s.s.a.m.AuthorizationManagerBeforeMethodInterceptor - Authorized method invocation ReflectiveMethodInvocation: public org.springframework.http.ResponseEntity org.lifelink.controller.AdminController.getDashboardStats(); target is of class [org.lifelink.controller.AdminController]
2026-09-16 13:06:39 [http-nio-8088-exec-6] DEBUG o.s.security.web.FilterChainProxy - Securing GET /donors
2026-09-16 13:06:39 [http-nio-8088-exec-6] DEBUG o.s.security.web.FilterChainProxy - Secured GET /donors
2026-09-16 13:06:39 [http-nio-8088-exec-6] DEBUG o.s.s.a.m.AuthorizationManagerBeforeMethodInterceptor - Authorizing method invocation ReflectiveMethodInvocation: public org.springframework.http.ResponseEntity org.lifelink.controller.DonorController.getAllDonors(); target is of class [org.lifelink.controller.DonorController]
2026-09-16 13:06:39 [http-nio-8088-exec-6] DEBUG o.s.s.a.m.AuthorizationManagerBeforeMethodInterceptor - Authorized method invocation ReflectiveMethodInvocation: public org.springframework.http.ResponseEntity org.lifelink.controller.DonorController.getAllDonors(); target is of class [org.lifelink.controller.DonorController]
2026-09-16 13:06:39 [http-nio-8088-exec-10] DEBUG o.s.security.web.FilterChainProxy - Securing GET /donors
2026-09-16 13:06:39 [http-nio-8088-exec-10] DEBUG o.s.security.web.FilterChainProxy - Secured GET /donors
2026-09-16 13:06:39 [http-nio-8088-exec-10] DEBUG o.s.s.a.m.AuthorizationManagerBeforeMethodInterceptor - Authorizing method invocation ReflectiveMethodInvocation: public org.springframework.http.ResponseEntity org.lifelink.controller.DonorController.getAllDonors(); target is of class [org.lifelink.controller.DonorController]
2026-09-16 13:06:39 [http-nio-8088-exec-10] DEBUG o.s.s.a.m.AuthorizationManagerBeforeMethodInterceptor - Authorized method invocation ReflectiveMethodInvocation: public org.springframework.http.ResponseEntity org.lifelink.controller.DonorController.getAllDonors(); target is of class [org.lifelink.controller.DonorController]
2026-09-16 13:06:41 [http-nio-8088-exec-8] DEBUG o.s.security.web.FilterChainProxy - Securing PUT /donors/1789541963265/verify?verified=true
2026-09-16 13:06:42 [http-nio-8088-exec-8] DEBUG o.s.security.web.FilterChainProxy - Secured PUT /donors/1789541963265/verify?verified=true
2026-09-16 13:06:42 [http-nio-8088-exec-8] DEBUG o.s.s.a.m.AuthorizationManagerBeforeMethodInterceptor - Authorizing method invocation ReflectiveMethodInvocation: public org.springframework.http.ResponseEntity org.lifelink.controller.DonorController.verifyDonor(java.lang.Long,boolean,org.lifelink.entity.User); target is of class [org.lifelink.controller.DonorController]
2026-09-16 13:06:42 [http-nio-8088-exec-8] DEBUG o.s.s.a.m.AuthorizationManagerBeforeMethodInterceptor - Authorized method invocation ReflectiveMethodInvocation: public org.springframework.http.ResponseEntity org.lifelink.controller.DonorController.verifyDonor(java.lang.Long,boolean,org.lifelink.entity.User); target is of class [org.lifelink.controller.DonorController]
2026-09-16 13:06:42 [http-nio-8088-exec-9] DEBUG o.s.security.web.FilterChainProxy - Securing GET /donors
2026-09-16 13:06:42 [http-nio-8088-exec-9] DEBUG o.s.security.web.FilterChainProxy - Secured GET /donors
2026-09-16 13:06:42 [http-nio-8088-exec-9] DEBUG o.s.s.a.m.AuthorizationManagerBeforeMethodInterceptor - Authorizing method invocation ReflectiveMethodInvocation: public org.springframework.http.ResponseEntity org.lifelink.controller.DonorController.getAllDonors(); target is of class [org.lifelink.controller.DonorController]
2026-09-16 13:06:42 [http-nio-8088-exec-9] DEBUG o.s.s.a.m.AuthorizationManagerBeforeMethodInterceptor - Authorized method invocation ReflectiveMethodInvocation: public org.springframework.http.ResponseEntity org.lifelink.controller.DonorController.getAllDonors(); target is of class [org.lifelink.controller.DonorController]
2026-09-16 13:06:45 [http-nio-8088-exec-7] DEBUG o.s.security.web.FilterChainProxy - Securing GET /admin/requests/pending
2026-09-16 13:06:45 [http-nio-8088-exec-7] DEBUG o.s.security.web.FilterChainProxy - Secured GET /admin/requests/pending
2026-09-16 13:06:45 [http-nio-8088-exec-7] DEBUG o.s.s.a.m.AuthorizationManagerBeforeMethodInterceptor - Authorizing method invocation ReflectiveMethodInvocation: public org.springframework.http.ResponseEntity org.lifelink.controller.AdminController.getPendingRequests(); target is of class [org.lifelink.controller.AdminController]
2026-09-16 13:06:45 [http-nio-8088-exec-7] DEBUG o.s.s.a.m.AuthorizationManagerBeforeMethodInterceptor - Authorized method invocation ReflectiveMethodInvocation: public org.springframework.http.ResponseEntity org.lifelink.controller.AdminController.getPendingRequests(); target is of class [org.lifelink.controller.AdminController]
2026-09-16 13:06:45 [http-nio-8088-exec-1] DEBUG o.s.security.web.FilterChainProxy - Securing GET /admin/requests/pending
2026-09-16 13:06:45 [http-nio-8088-exec-1] DEBUG o.s.security.web.FilterChainProxy - Secured GET /admin/requests/pending
2026-09-16 13:06:45 [http-nio-8088-exec-1] DEBUG o.s.s.a.m.AuthorizationManagerBeforeMethodInterceptor - Authorizing method invocation ReflectiveMethodInvocation: public org.springframework.http.ResponseEntity org.lifelink.controller.AdminController.getPendingRequests(); target is of class [org.lifelink.controller.AdminController]
2026-09-16 13:06:45 [http-nio-8088-exec-1] DEBUG o.s.s.a.m.AuthorizationManagerBeforeMethodInterceptor - Authorized method invocation ReflectiveMethodInvocation: public org.springframework.http.ResponseEntity org.lifelink.controller.AdminController.getPendingRequests(); target is of class [org.lifelink.controller.AdminController]
2026-09-16 13:06:54 [http-nio-8088-exec-2] DEBUG o.s.security.web.FilterChainProxy - Securing PUT /requests/1789543919685/status
2026-09-16 13:06:54 [http-nio-8088-exec-2] DEBUG o.s.security.web.FilterChainProxy - Secured PUT /requests/1789543919685/status
2026-09-16 13:06:54 [http-nio-8088-exec-2] DEBUG o.s.s.a.m.AuthorizationManagerBeforeMethodInterceptor - Authorizing method invocation ReflectiveMethodInvocation: public org.springframework.http.ResponseEntity org.lifelink.controller.RequestController.updateStatus(java.lang.Long,org.lifelink.dto.request.UpdateStatusRequest,org.lifelink.entity.User); target is of class [org.lifelink.controller.RequestController]
2026-09-16 13:06:54 [http-nio-8088-exec-2] DEBUG o.s.s.a.m.AuthorizationManagerBeforeMethodInterceptor - Authorized method invocation ReflectiveMethodInvocation: public org.springframework.http.ResponseEntity org.lifelink.controller.RequestController.updateStatus(java.lang.Long,org.lifelink.dto.request.UpdateStatusRequest,org.lifelink.entity.User); target is of class [org.lifelink.controller.RequestController]
2026-09-16 13:06:54 [http-nio-8088-exec-3] DEBUG o.s.security.web.FilterChainProxy - Securing GET /admin/requests/pending
2026-09-16 13:06:54 [http-nio-8088-exec-3] DEBUG o.s.security.web.FilterChainProxy - Secured GET /admin/requests/pending
2026-09-16 13:06:54 [http-nio-8088-exec-3] DEBUG o.s.s.a.m.AuthorizationManagerBeforeMethodInterceptor - Authorizing method invocation ReflectiveMethodInvocation: public org.springframework.http.ResponseEntity org.lifelink.controller.AdminController.getPendingRequests(); target is of class [org.lifelink.controller.AdminController]
2026-09-16 13:06:54 [http-nio-8088-exec-3] DEBUG o.s.s.a.m.AuthorizationManagerBeforeMethodInterceptor - Authorized method invocation ReflectiveMethodInvocation: public org.springframework.http.ResponseEntity org.lifelink.controller.AdminController.getPendingRequests(); target is of class [org.lifelink.controller.AdminController]
2026-09-16 13:07:01 [http-nio-8088-exec-4] DEBUG o.s.security.web.FilterChainProxy - Securing GET /matches
2026-09-16 13:07:01 [http-nio-8088-exec-4] DEBUG o.s.security.web.FilterChainProxy - Secured GET /matches
2026-09-16 13:07:01 [http-nio-8088-exec-4] DEBUG o.s.s.a.m.AuthorizationManagerBeforeMethodInterceptor - Authorizing method invocation ReflectiveMethodInvocation: public org.springframework.http.ResponseEntity org.lifelink.controller.MatchController.getAllMatches(); target is of class [org.lifelink.controller.MatchController]
2026-09-16 13:07:01 [http-nio-8088-exec-4] DEBUG o.s.s.a.m.AuthorizationManagerBeforeMethodInterceptor - Authorized method invocation ReflectiveMethodInvocation: public org.springframework.http.ResponseEntity org.lifelink.controller.MatchController.getAllMatches(); target is of class [org.lifelink.controller.MatchController]
2026-09-16 13:07:01 [http-nio-8088-exec-5] DEBUG o.s.security.web.FilterChainProxy - Securing GET /matches
2026-09-16 13:07:01 [http-nio-8088-exec-6] DEBUG o.s.security.web.FilterChainProxy - Securing GET /requests?status=APPROVED
2026-09-16 13:07:01 [http-nio-8088-exec-5] DEBUG o.s.security.web.FilterChainProxy - Secured GET /matches
2026-09-16 13:07:01 [http-nio-8088-exec-5] DEBUG o.s.s.a.m.AuthorizationManagerBeforeMethodInterceptor - Authorizing method invocation ReflectiveMethodInvocation: public org.springframework.http.ResponseEntity org.lifelink.controller.MatchController.getAllMatches(); target is of class [org.lifelink.controller.MatchController]
2026-09-16 13:07:01 [http-nio-8088-exec-5] DEBUG o.s.s.a.m.AuthorizationManagerBeforeMethodInterceptor - Authorized method invocation ReflectiveMethodInvocation: public org.springframework.http.ResponseEntity org.lifelink.controller.MatchController.getAllMatches(); target is of class [org.lifelink.controller.MatchController]
2026-09-16 13:07:01 [http-nio-8088-exec-6] DEBUG o.s.security.web.FilterChainProxy - Secured GET /requests?status=APPROVED
2026-09-16 13:07:01 [http-nio-8088-exec-6] DEBUG o.s.s.a.m.AuthorizationManagerBeforeMethodInterceptor - Authorizing method invocation ReflectiveMethodInvocation: public org.springframework.http.ResponseEntity org.lifelink.controller.RequestController.searchRequests(java.lang.String,java.lang.String,java.lang.Integer); target is of class [org.lifelink.controller.RequestController]
2026-09-16 13:07:01 [http-nio-8088-exec-6] DEBUG o.s.s.a.m.AuthorizationManagerBeforeMethodInterceptor - Authorized method invocation ReflectiveMethodInvocation: public org.springframework.http.ResponseEntity org.lifelink.controller.RequestController.searchRequests(java.lang.String,java.lang.String,java.lang.Integer); target is of class [org.lifelink.controller.RequestController]
2026-09-16 13:07:01 [http-nio-8088-exec-10] DEBUG o.s.security.web.FilterChainProxy - Securing GET /requests?status=APPROVED
2026-09-16 13:07:01 [http-nio-8088-exec-10] DEBUG o.s.security.web.FilterChainProxy - Secured GET /requests?status=APPROVED
2026-09-16 13:07:01 [http-nio-8088-exec-10] DEBUG o.s.s.a.m.AuthorizationManagerBeforeMethodInterceptor - Authorizing method invocation ReflectiveMethodInvocation: public org.springframework.http.ResponseEntity org.lifelink.controller.RequestController.searchRequests(java.lang.String,java.lang.String,java.lang.Integer); target is of class [org.lifelink.controller.RequestController]
2026-09-16 13:07:01 [http-nio-8088-exec-10] DEBUG o.s.s.a.m.AuthorizationManagerBeforeMethodInterceptor - Authorized method invocation ReflectiveMethodInvocation: public org.springframework.http.ResponseEntity org.lifelink.controller.RequestController.searchRequests(java.lang.String,java.lang.String,java.lang.Integer); target is of class [org.lifelink.controller.RequestController]
2026-09-16 13:07:03 [http-nio-8088-exec-8] DEBUG o.s.security.web.FilterChainProxy - Securing GET /admin/dashboard/stats
2026-09-16 13:07:03 [http-nio-8088-exec-8] DEBUG o.s.security.web.FilterChainProxy - Secured GET /admin/dashboard/stats
2026-09-16 13:07:03 [http-nio-8088-exec-8] DEBUG o.s.s.a.m.AuthorizationManagerBeforeMethodInterceptor - Authorizing method invocation ReflectiveMethodInvocation: public org.springframework.http.ResponseEntity org.lifelink.controller.AdminController.getDashboardStats(); target is of class [org.lifelink.controller.AdminController]
2026-09-16 13:07:03 [http-nio-8088-exec-8] DEBUG o.s.s.a.m.AuthorizationManagerBeforeMethodInterceptor - Authorized method invocation ReflectiveMethodInvocation: public org.springframework.http.ResponseEntity org.lifelink.controller.AdminController.getDashboardStats(); target is of class [org.lifelink.controller.AdminController]
2026-09-16 13:07:03 [http-nio-8088-exec-9] DEBUG o.s.security.web.FilterChainProxy - Securing GET /admin/dashboard/stats
2026-09-16 13:07:03 [http-nio-8088-exec-9] DEBUG o.s.security.web.FilterChainProxy - Secured GET /admin/dashboard/stats
2026-09-16 13:07:03 [http-nio-8088-exec-9] DEBUG o.s.s.a.m.AuthorizationManagerBeforeMethodInterceptor - Authorizing method invocation ReflectiveMethodInvocation: public org.springframework.http.ResponseEntity org.lifelink.controller.AdminController.getDashboardStats(); target is of class [org.lifelink.controller.AdminController]
2026-09-16 13:07:03 [http-nio-8088-exec-9] DEBUG o.s.s.a.m.AuthorizationManagerBeforeMethodInterceptor - Authorized method invocation ReflectiveMethodInvocation: public org.springframework.http.ResponseEntity org.lifelink.controller.AdminController.getDashboardStats(); target is of class [org.lifelink.controller.AdminController]
2026-09-16 13:07:29 [http-nio-8088-exec-7] DEBUG o.s.security.web.FilterChainProxy - Securing POST /auth/login
2026-09-16 13:07:29 [http-nio-8088-exec-7] DEBUG o.s.s.w.a.AnonymousAuthenticationFilter - Set SecurityContextHolder to anonymous SecurityContext
2026-09-16 13:07:29 [http-nio-8088-exec-7] DEBUG o.s.security.web.FilterChainProxy - Secured POST /auth/login
2026-09-16 13:07:30 [http-nio-8088-exec-7] DEBUG o.s.s.a.d.DaoAuthenticationProvider - Authenticated user
2026-09-16 13:07:30 [http-nio-8088-exec-1] DEBUG o.s.security.web.FilterChainProxy - Securing GET /requests/my-requests
2026-09-16 13:07:30 [http-nio-8088-exec-1] DEBUG o.s.security.web.FilterChainProxy - Secured GET /requests/my-requests
2026-09-16 13:07:30 [http-nio-8088-exec-1] DEBUG o.s.s.a.m.AuthorizationManagerBeforeMethodInterceptor - Authorizing method invocation ReflectiveMethodInvocation: public org.springframework.http.ResponseEntity org.lifelink.controller.RequestController.getMyRequests(org.lifelink.entity.User); target is of class [org.lifelink.controller.RequestController]
2026-09-16 13:07:30 [http-nio-8088-exec-1] DEBUG o.s.s.a.m.AuthorizationManagerBeforeMethodInterceptor - Authorized method invocation ReflectiveMethodInvocation: public org.springframework.http.ResponseEntity org.lifelink.controller.RequestController.getMyRequests(org.lifelink.entity.User); target is of class [org.lifelink.controller.RequestController]
2026-09-16 13:07:30 [http-nio-8088-exec-2] DEBUG o.s.security.web.FilterChainProxy - Securing GET /requests/my-requests
2026-09-16 13:07:30 [http-nio-8088-exec-2] DEBUG o.s.security.web.FilterChainProxy - Secured GET /requests/my-requests
2026-09-16 13:07:30 [http-nio-8088-exec-2] DEBUG o.s.s.a.m.AuthorizationManagerBeforeMethodInterceptor - Authorizing method invocation ReflectiveMethodInvocation: public org.springframework.http.ResponseEntity org.lifelink.controller.RequestController.getMyRequests(org.lifelink.entity.User); target is of class [org.lifelink.controller.RequestController]
2026-09-16 13:07:30 [http-nio-8088-exec-2] DEBUG o.s.s.a.m.AuthorizationManagerBeforeMethodInterceptor - Authorized method invocation ReflectiveMethodInvocation: public org.springframework.http.ResponseEntity org.lifelink.controller.RequestController.getMyRequests(org.lifelink.entity.User); target is of class [org.lifelink.controller.RequestController]
2026-09-16 13:07:35 [http-nio-8088-exec-3] DEBUG o.s.security.web.FilterChainProxy - Securing GET /organ-types
2026-09-16 13:07:35 [http-nio-8088-exec-3] DEBUG o.s.security.web.FilterChainProxy - Secured GET /organ-types
2026-09-16 13:07:35 [http-nio-8088-exec-4] DEBUG o.s.security.web.FilterChainProxy - Securing GET /organ-types
2026-09-16 13:07:35 [http-nio-8088-exec-4] DEBUG o.s.security.web.FilterChainProxy - Secured GET /organ-types
2026-09-16 13:07:37 [http-nio-8088-exec-5] DEBUG o.s.security.web.FilterChainProxy - Securing GET /requests/my-requests
2026-09-16 13:07:37 [http-nio-8088-exec-5] DEBUG o.s.security.web.FilterChainProxy - Secured GET /requests/my-requests
2026-09-16 13:07:37 [http-nio-8088-exec-5] DEBUG o.s.s.a.m.AuthorizationManagerBeforeMethodInterceptor - Authorizing method invocation ReflectiveMethodInvocation: public org.springframework.http.ResponseEntity org.lifelink.controller.RequestController.getMyRequests(org.lifelink.entity.User); target is of class [org.lifelink.controller.RequestController]
2026-09-16 13:07:37 [http-nio-8088-exec-5] DEBUG o.s.s.a.m.AuthorizationManagerBeforeMethodInterceptor - Authorized method invocation ReflectiveMethodInvocation: public org.springframework.http.ResponseEntity org.lifelink.controller.RequestController.getMyRequests(org.lifelink.entity.User); target is of class [org.lifelink.controller.RequestController]
2026-09-16 13:07:37 [http-nio-8088-exec-6] DEBUG o.s.security.web.FilterChainProxy - Securing GET /requests/my-requests
2026-09-16 13:07:37 [http-nio-8088-exec-10] DEBUG o.s.security.web.FilterChainProxy - Securing GET /organ-types
2026-09-16 13:07:37 [http-nio-8088-exec-6] DEBUG o.s.security.web.FilterChainProxy - Secured GET /requests/my-requests
2026-09-16 13:07:37 [http-nio-8088-exec-10] DEBUG o.s.security.web.FilterChainProxy - Secured GET /organ-types
2026-09-16 13:07:37 [http-nio-8088-exec-6] DEBUG o.s.s.a.m.AuthorizationManagerBeforeMethodInterceptor - Authorizing method invocation ReflectiveMethodInvocation: public org.springframework.http.ResponseEntity org.lifelink.controller.RequestController.getMyRequests(org.lifelink.entity.User); target is of class [org.lifelink.controller.RequestController]
2026-09-16 13:07:37 [http-nio-8088-exec-6] DEBUG o.s.s.a.m.AuthorizationManagerBeforeMethodInterceptor - Authorized method invocation ReflectiveMethodInvocation: public org.springframework.http.ResponseEntity org.lifelink.controller.RequestController.getMyRequests(org.lifelink.entity.User); target is of class [org.lifelink.controller.RequestController]
2026-09-16 13:07:37 [http-nio-8088-exec-8] DEBUG o.s.security.web.FilterChainProxy - Securing GET /organ-types
2026-09-16 13:07:37 [http-nio-8088-exec-8] DEBUG o.s.security.web.FilterChainProxy - Secured GET /organ-types
2026-09-16 13:07:41 [http-nio-8088-exec-9] DEBUG o.s.security.web.FilterChainProxy - Securing GET /requests/my-requests
2026-09-16 13:07:41 [http-nio-8088-exec-9] DEBUG o.s.security.web.FilterChainProxy - Secured GET /requests/my-requests
2026-09-16 13:07:41 [http-nio-8088-exec-9] DEBUG o.s.s.a.m.AuthorizationManagerBeforeMethodInterceptor - Authorizing method invocation ReflectiveMethodInvocation: public org.springframework.http.ResponseEntity org.lifelink.controller.RequestController.getMyRequests(org.lifelink.entity.User); target is of class [org.lifelink.controller.RequestController]
2026-09-16 13:07:41 [http-nio-8088-exec-9] DEBUG o.s.s.a.m.AuthorizationManagerBeforeMethodInterceptor - Authorized method invocation ReflectiveMethodInvocation: public org.springframework.http.ResponseEntity org.lifelink.controller.RequestController.getMyRequests(org.lifelink.entity.User); target is of class [org.lifelink.controller.RequestController]
2026-09-16 13:07:41 [http-nio-8088-exec-7] DEBUG o.s.security.web.FilterChainProxy - Securing GET /requests/my-requests
2026-09-16 13:07:41 [http-nio-8088-exec-7] DEBUG o.s.security.web.FilterChainProxy - Secured GET /requests/my-requests
2026-09-16 13:07:41 [http-nio-8088-exec-7] DEBUG o.s.s.a.m.AuthorizationManagerBeforeMethodInterceptor - Authorizing method invocation ReflectiveMethodInvocation: public org.springframework.http.ResponseEntity org.lifelink.controller.RequestController.getMyRequests(org.lifelink.entity.User); target is of class [org.lifelink.controller.RequestController]
2026-09-16 13:07:41 [http-nio-8088-exec-7] DEBUG o.s.s.a.m.AuthorizationManagerBeforeMethodInterceptor - Authorized method invocation ReflectiveMethodInvocation: public org.springframework.http.ResponseEntity org.lifelink.controller.RequestController.getMyRequests(org.lifelink.entity.User); target is of class [org.lifelink.controller.RequestController]
2026-09-16 13:07:45 [http-nio-8088-exec-1] DEBUG o.s.security.web.FilterChainProxy - Securing GET /organ-types
2026-09-16 13:07:45 [http-nio-8088-exec-1] DEBUG o.s.security.web.FilterChainProxy - Secured GET /organ-types
2026-09-16 13:07:45 [http-nio-8088-exec-2] DEBUG o.s.security.web.FilterChainProxy - Securing GET /organ-types
2026-09-16 13:07:45 [http-nio-8088-exec-2] DEBUG o.s.security.web.FilterChainProxy - Secured GET /organ-types
2026-09-16 13:07:48 [http-nio-8088-exec-3] DEBUG o.s.security.web.FilterChainProxy - Securing GET /requests/my-requests
2026-09-16 13:07:48 [http-nio-8088-exec-3] DEBUG o.s.security.web.FilterChainProxy - Secured GET /requests/my-requests
2026-09-16 13:07:48 [http-nio-8088-exec-3] DEBUG o.s.s.a.m.AuthorizationManagerBeforeMethodInterceptor - Authorizing method invocation ReflectiveMethodInvocation: public org.springframework.http.ResponseEntity org.lifelink.controller.RequestController.getMyRequests(org.lifelink.entity.User); target is of class [org.lifelink.controller.RequestController]
2026-09-16 13:07:48 [http-nio-8088-exec-3] DEBUG o.s.s.a.m.AuthorizationManagerBeforeMethodInterceptor - Authorized method invocation ReflectiveMethodInvocation: public org.springframework.http.ResponseEntity org.lifelink.controller.RequestController.getMyRequests(org.lifelink.entity.User); target is of class [org.lifelink.controller.RequestController]
2026-09-16 13:07:48 [http-nio-8088-exec-4] DEBUG o.s.security.web.FilterChainProxy - Securing GET /requests/my-requests
2026-09-16 13:07:48 [http-nio-8088-exec-4] DEBUG o.s.security.web.FilterChainProxy - Secured GET /requests/my-requests
2026-09-16 13:07:48 [http-nio-8088-exec-4] DEBUG o.s.s.a.m.AuthorizationManagerBeforeMethodInterceptor - Authorizing method invocation ReflectiveMethodInvocation: public org.springframework.http.ResponseEntity org.lifelink.controller.RequestController.getMyRequests(org.lifelink.entity.User); target is of class [org.lifelink.controller.RequestController]
2026-09-16 13:07:48 [http-nio-8088-exec-4] DEBUG o.s.s.a.m.AuthorizationManagerBeforeMethodInterceptor - Authorized method invocation ReflectiveMethodInvocation: public org.springframework.http.ResponseEntity org.lifelink.controller.RequestController.getMyRequests(org.lifelink.entity.User); target is of class [org.lifelink.controller.RequestController]
2026-09-16 13:09:56 [http-nio-8088-exec-5] DEBUG o.s.security.web.FilterChainProxy - Securing GET /admin/dashboard/stats
2026-09-16 13:09:56 [http-nio-8088-exec-5] DEBUG o.s.s.w.a.AccessDeniedHandlerImpl - Responding with 403 status code
2026-09-16 13:09:56 [http-nio-8088-exec-5] DEBUG o.s.security.web.FilterChainProxy - Securing GET /error
2026-09-16 13:09:56 [http-nio-8088-exec-5] DEBUG o.s.s.w.a.AnonymousAuthenticationFilter - Set SecurityContextHolder to anonymous SecurityContext
2026-09-16 13:09:56 [http-nio-8088-exec-5] DEBUG o.s.s.w.a.Http403ForbiddenEntryPoint - Pre-authenticated entry point called. Rejecting access
2026-09-16 13:09:56 [http-nio-8088-exec-10] DEBUG o.s.security.web.FilterChainProxy - Securing GET /admin/dashboard/stats
2026-09-16 13:09:56 [http-nio-8088-exec-10] DEBUG o.s.s.w.a.AccessDeniedHandlerImpl - Responding with 403 status code
2026-09-16 13:09:56 [http-nio-8088-exec-10] DEBUG o.s.security.web.FilterChainProxy - Securing GET /error
2026-09-16 13:09:56 [http-nio-8088-exec-10] DEBUG o.s.s.w.a.AnonymousAuthenticationFilter - Set SecurityContextHolder to anonymous SecurityContext
2026-09-16 13:09:56 [http-nio-8088-exec-10] DEBUG o.s.s.w.a.Http403ForbiddenEntryPoint - Pre-authenticated entry point called. Rejecting access
2026-09-16 13:14:28 [http-nio-8088-exec-6] DEBUG o.s.security.web.FilterChainProxy - Securing GET /admin/dashboard/stats
2026-09-16 13:14:28 [http-nio-8088-exec-6] DEBUG o.s.s.w.a.AnonymousAuthenticationFilter - Set SecurityContextHolder to anonymous SecurityContext
2026-09-16 13:14:28 [http-nio-8088-exec-6] DEBUG o.s.s.w.a.Http403ForbiddenEntryPoint - Pre-authenticated entry point called. Rejecting access
2026-09-16 13:14:28 [http-nio-8088-exec-6] DEBUG o.s.security.web.FilterChainProxy - Securing GET /error
2026-09-16 13:14:28 [http-nio-8088-exec-6] DEBUG o.s.s.w.a.AnonymousAuthenticationFilter - Set SecurityContextHolder to anonymous SecurityContext
2026-09-16 13:14:28 [http-nio-8088-exec-6] DEBUG o.s.s.w.a.Http403ForbiddenEntryPoint - Pre-authenticated entry point called. Rejecting access
2026-09-16 13:14:28 [http-nio-8088-exec-8] DEBUG o.s.security.web.FilterChainProxy - Securing GET /admin/dashboard/stats
2026-09-16 13:14:28 [http-nio-8088-exec-8] DEBUG o.s.s.w.a.AnonymousAuthenticationFilter - Set SecurityContextHolder to anonymous SecurityContext
2026-09-16 13:14:28 [http-nio-8088-exec-8] DEBUG o.s.s.w.a.Http403ForbiddenEntryPoint - Pre-authenticated entry point called. Rejecting access
2026-09-16 13:14:28 [http-nio-8088-exec-8] DEBUG o.s.security.web.FilterChainProxy - Securing GET /error
2026-09-16 13:14:28 [http-nio-8088-exec-8] DEBUG o.s.s.w.a.AnonymousAuthenticationFilter - Set SecurityContextHolder to anonymous SecurityContext
2026-09-16 13:14:28 [http-nio-8088-exec-8] DEBUG o.s.s.w.a.Http403ForbiddenEntryPoint - Pre-authenticated entry point called. Rejecting access
2026-09-16 13:52:17 [http-nio-8088-exec-9] DEBUG o.s.security.web.FilterChainProxy - Securing GET /admin/dashboard/stats
2026-09-16 13:52:17 [http-nio-8088-exec-9] DEBUG o.s.s.w.a.AnonymousAuthenticationFilter - Set SecurityContextHolder to anonymous SecurityContext
2026-09-16 13:52:17 [http-nio-8088-exec-9] DEBUG o.s.s.w.a.Http403ForbiddenEntryPoint - Pre-authenticated entry point called. Rejecting access
2026-09-16 13:52:17 [http-nio-8088-exec-9] DEBUG o.s.security.web.FilterChainProxy - Securing GET /error
2026-09-16 13:52:17 [http-nio-8088-exec-9] DEBUG o.s.s.w.a.AnonymousAuthenticationFilter - Set SecurityContextHolder to anonymous SecurityContext
2026-09-16 13:52:17 [http-nio-8088-exec-9] DEBUG o.s.s.w.a.Http403ForbiddenEntryPoint - Pre-authenticated entry point called. Rejecting access
2026-09-16 13:52:17 [http-nio-8088-exec-7] DEBUG o.s.security.web.FilterChainProxy - Securing GET /admin/dashboard/stats
2026-09-16 13:52:17 [http-nio-8088-exec-7] DEBUG o.s.s.w.a.AnonymousAuthenticationFilter - Set SecurityContextHolder to anonymous SecurityContext
2026-09-16 13:52:17 [http-nio-8088-exec-7] DEBUG o.s.s.w.a.Http403ForbiddenEntryPoint - Pre-authenticated entry point called. Rejecting access
2026-09-16 13:52:17 [http-nio-8088-exec-7] DEBUG o.s.security.web.FilterChainProxy - Securing GET /error
2026-09-16 13:52:17 [http-nio-8088-exec-7] DEBUG o.s.s.w.a.AnonymousAuthenticationFilter - Set SecurityContextHolder to anonymous SecurityContext
2026-09-16 13:52:17 [http-nio-8088-exec-7] DEBUG o.s.s.w.a.Http403ForbiddenEntryPoint - Pre-authenticated entry point called. Rejecting access
2026-09-16 13:52:39 [http-nio-8088-exec-1] DEBUG o.s.security.web.FilterChainProxy - Securing GET /admin/dashboard/stats
2026-09-16 13:52:39 [http-nio-8088-exec-1] DEBUG o.s.s.w.a.AnonymousAuthenticationFilter - Set SecurityContextHolder to anonymous SecurityContext
2026-09-16 13:52:39 [http-nio-8088-exec-1] DEBUG o.s.s.w.a.Http403ForbiddenEntryPoint - Pre-authenticated entry point called. Rejecting access
2026-09-16 13:52:39 [http-nio-8088-exec-1] DEBUG o.s.security.web.FilterChainProxy - Securing GET /error
2026-09-16 13:52:40 [http-nio-8088-exec-1] DEBUG o.s.s.w.a.AnonymousAuthenticationFilter - Set SecurityContextHolder to anonymous SecurityContext
2026-09-16 13:52:40 [http-nio-8088-exec-1] DEBUG o.s.s.w.a.Http403ForbiddenEntryPoint - Pre-authenticated entry point called. Rejecting access
2026-09-16 13:52:40 [http-nio-8088-exec-2] DEBUG o.s.security.web.FilterChainProxy - Securing GET /admin/dashboard/stats
2026-09-16 13:52:40 [http-nio-8088-exec-2] DEBUG o.s.s.w.a.AnonymousAuthenticationFilter - Set SecurityContextHolder to anonymous SecurityContext
2026-09-16 13:52:40 [http-nio-8088-exec-2] DEBUG o.s.s.w.a.Http403ForbiddenEntryPoint - Pre-authenticated entry point called. Rejecting access
2026-09-16 13:52:40 [http-nio-8088-exec-2] DEBUG o.s.security.web.FilterChainProxy - Securing GET /error
2026-09-16 13:52:40 [http-nio-8088-exec-2] DEBUG o.s.s.w.a.AnonymousAuthenticationFilter - Set SecurityContextHolder to anonymous SecurityContext
2026-09-16 13:52:40 [http-nio-8088-exec-2] DEBUG o.s.s.w.a.Http403ForbiddenEntryPoint - Pre-authenticated entry point called. Rejecting access
2026-09-16 13:54:30 [http-nio-8088-exec-3] DEBUG o.s.security.web.FilterChainProxy - Securing GET /admin/dashboard/stats
2026-09-16 13:54:30 [http-nio-8088-exec-3] DEBUG o.s.s.w.a.AnonymousAuthenticationFilter - Set SecurityContextHolder to anonymous SecurityContext
2026-09-16 13:54:30 [http-nio-8088-exec-3] DEBUG o.s.s.w.a.Http403ForbiddenEntryPoint - Pre-authenticated entry point called. Rejecting access
2026-09-16 13:54:30 [http-nio-8088-exec-3] DEBUG o.s.security.web.FilterChainProxy - Securing GET /error
2026-09-16 13:54:30 [http-nio-8088-exec-3] DEBUG o.s.s.w.a.AnonymousAuthenticationFilter - Set SecurityContextHolder to anonymous SecurityContext
2026-09-16 13:54:30 [http-nio-8088-exec-3] DEBUG o.s.s.w.a.Http403ForbiddenEntryPoint - Pre-authenticated entry point called. Rejecting access
2026-09-16 13:54:30 [http-nio-8088-exec-4] DEBUG o.s.security.web.FilterChainProxy - Securing GET /admin/dashboard/stats
2026-09-16 13:54:30 [http-nio-8088-exec-4] DEBUG o.s.s.w.a.AnonymousAuthenticationFilter - Set SecurityContextHolder to anonymous SecurityContext
2026-09-16 13:54:30 [http-nio-8088-exec-4] DEBUG o.s.s.w.a.Http403ForbiddenEntryPoint - Pre-authenticated entry point called. Rejecting access
2026-09-16 13:54:30 [http-nio-8088-exec-4] DEBUG o.s.security.web.FilterChainProxy - Securing GET /error
2026-09-16 13:54:30 [http-nio-8088-exec-4] DEBUG o.s.s.w.a.AnonymousAuthenticationFilter - Set SecurityContextHolder to anonymous SecurityContext
2026-09-16 13:54:30 [http-nio-8088-exec-4] DEBUG o.s.s.w.a.Http403ForbiddenEntryPoint - Pre-authenticated entry point called. Rejecting access
2026-09-16 13:56:23 [http-nio-8088-exec-5] DEBUG o.s.security.web.FilterChainProxy - Securing POST /auth/login
2026-09-16 13:56:23 [http-nio-8088-exec-5] DEBUG o.s.s.w.a.AnonymousAuthenticationFilter - Set SecurityContextHolder to anonymous SecurityContext
2026-09-16 13:56:23 [http-nio-8088-exec-5] DEBUG o.s.security.web.FilterChainProxy - Secured POST /auth/login
2026-09-16 13:56:23 [http-nio-8088-exec-5] DEBUG o.s.s.a.d.DaoAuthenticationProvider - Authenticated user
2026-09-16 13:56:24 [http-nio-8088-exec-10] DEBUG o.s.security.web.FilterChainProxy - Securing GET /requests/my-requests
2026-09-16 13:56:24 [http-nio-8088-exec-10] DEBUG o.s.security.web.FilterChainProxy - Secured GET /requests/my-requests
2026-09-16 13:56:24 [http-nio-8088-exec-10] DEBUG o.s.s.a.m.AuthorizationManagerBeforeMethodInterceptor - Authorizing method invocation ReflectiveMethodInvocation: public org.springframework.http.ResponseEntity org.lifelink.controller.RequestController.getMyRequests(org.lifelink.entity.User); target is of class [org.lifelink.controller.RequestController]
2026-09-16 13:56:24 [http-nio-8088-exec-10] DEBUG o.s.s.a.m.AuthorizationManagerBeforeMethodInterceptor - Authorized method invocation ReflectiveMethodInvocation: public org.springframework.http.ResponseEntity org.lifelink.controller.RequestController.getMyRequests(org.lifelink.entity.User); target is of class [org.lifelink.controller.RequestController]
2026-09-16 13:56:24 [http-nio-8088-exec-6] DEBUG o.s.security.web.FilterChainProxy - Securing GET /requests/my-requests
2026-09-16 13:56:24 [http-nio-8088-exec-6] DEBUG o.s.security.web.FilterChainProxy - Secured GET /requests/my-requests
2026-09-16 13:56:24 [http-nio-8088-exec-6] DEBUG o.s.s.a.m.AuthorizationManagerBeforeMethodInterceptor - Authorizing method invocation ReflectiveMethodInvocation: public org.springframework.http.ResponseEntity org.lifelink.controller.RequestController.getMyRequests(org.lifelink.entity.User); target is of class [org.lifelink.controller.RequestController]
2026-09-16 13:56:24 [http-nio-8088-exec-6] DEBUG o.s.s.a.m.AuthorizationManagerBeforeMethodInterceptor - Authorized method invocation ReflectiveMethodInvocation: public org.springframework.http.ResponseEntity org.lifelink.controller.RequestController.getMyRequests(org.lifelink.entity.User); target is of class [org.lifelink.controller.RequestController]
2026-09-16 13:56:51 [http-nio-8088-exec-8] DEBUG o.s.security.web.FilterChainProxy - Securing GET /requests/my-requests
2026-09-16 13:56:51 [http-nio-8088-exec-8] DEBUG o.s.security.web.FilterChainProxy - Secured GET /requests/my-requests
2026-09-16 13:56:51 [http-nio-8088-exec-8] DEBUG o.s.s.a.m.AuthorizationManagerBeforeMethodInterceptor - Authorizing method invocation ReflectiveMethodInvocation: public org.springframework.http.ResponseEntity org.lifelink.controller.RequestController.getMyRequests(org.lifelink.entity.User); target is of class [org.lifelink.controller.RequestController]
2026-09-16 13:56:51 [http-nio-8088-exec-8] DEBUG o.s.s.a.m.AuthorizationManagerBeforeMethodInterceptor - Authorized method invocation ReflectiveMethodInvocation: public org.springframework.http.ResponseEntity org.lifelink.controller.RequestController.getMyRequests(org.lifelink.entity.User); target is of class [org.lifelink.controller.RequestController]
2026-09-16 13:56:51 [http-nio-8088-exec-9] DEBUG o.s.security.web.FilterChainProxy - Securing GET /requests/my-requests
2026-09-16 13:56:51 [http-nio-8088-exec-9] DEBUG o.s.security.web.FilterChainProxy - Secured GET /requests/my-requests
2026-09-16 13:56:51 [http-nio-8088-exec-9] DEBUG o.s.s.a.m.AuthorizationManagerBeforeMethodInterceptor - Authorizing method invocation ReflectiveMethodInvocation: public org.springframework.http.ResponseEntity org.lifelink.controller.RequestController.getMyRequests(org.lifelink.entity.User); target is of class [org.lifelink.controller.RequestController]
2026-09-16 13:56:51 [http-nio-8088-exec-9] DEBUG o.s.s.a.m.AuthorizationManagerBeforeMethodInterceptor - Authorized method invocation ReflectiveMethodInvocation: public org.springframework.http.ResponseEntity org.lifelink.controller.RequestController.getMyRequests(org.lifelink.entity.User); target is of class [org.lifelink.controller.RequestController]
2026-09-16 13:56:52 [http-nio-8088-exec-7] DEBUG o.s.security.web.FilterChainProxy - Securing GET /organ-types
2026-09-16 13:56:52 [http-nio-8088-exec-7] DEBUG o.s.security.web.FilterChainProxy - Secured GET /organ-types
2026-09-16 13:56:52 [http-nio-8088-exec-1] DEBUG o.s.security.web.FilterChainProxy - Securing GET /organ-types
2026-09-16 13:56:52 [http-nio-8088-exec-1] DEBUG o.s.security.web.FilterChainProxy - Secured GET /organ-types
2026-09-16 13:57:06 [http-nio-8088-exec-2] DEBUG o.s.security.web.FilterChainProxy - Securing GET /organ-types
2026-09-16 13:57:06 [http-nio-8088-exec-2] DEBUG o.s.security.web.FilterChainProxy - Secured GET /organ-types
2026-09-16 13:57:06 [http-nio-8088-exec-3] DEBUG o.s.security.web.FilterChainProxy - Securing GET /organ-types
2026-09-16 13:57:06 [http-nio-8088-exec-3] DEBUG o.s.security.web.FilterChainProxy - Secured GET /organ-types
2026-09-16 13:58:31 [http-nio-8088-exec-4] DEBUG o.s.security.web.FilterChainProxy - Securing GET /admin/dashboard/stats
2026-09-16 13:58:31 [http-nio-8088-exec-4] DEBUG o.s.s.w.a.AccessDeniedHandlerImpl - Responding with 403 status code
2026-09-16 13:58:31 [http-nio-8088-exec-4] DEBUG o.s.security.web.FilterChainProxy - Securing GET /error
2026-09-16 13:58:31 [http-nio-8088-exec-4] DEBUG o.s.s.w.a.AnonymousAuthenticationFilter - Set SecurityContextHolder to anonymous SecurityContext
2026-09-16 13:58:31 [http-nio-8088-exec-4] DEBUG o.s.s.w.a.Http403ForbiddenEntryPoint - Pre-authenticated entry point called. Rejecting access
2026-09-16 13:58:31 [http-nio-8088-exec-5] DEBUG o.s.security.web.FilterChainProxy - Securing GET /admin/dashboard/stats
2026-09-16 13:58:31 [http-nio-8088-exec-5] DEBUG o.s.s.w.a.AccessDeniedHandlerImpl - Responding with 403 status code
2026-09-16 13:58:31 [http-nio-8088-exec-5] DEBUG o.s.security.web.FilterChainProxy - Securing GET /error
2026-09-16 13:58:31 [http-nio-8088-exec-5] DEBUG o.s.s.w.a.AnonymousAuthenticationFilter - Set SecurityContextHolder to anonymous SecurityContext
2026-09-16 13:58:31 [http-nio-8088-exec-5] DEBUG o.s.s.w.a.Http403ForbiddenEntryPoint - Pre-authenticated entry point called. Rejecting access
2026-09-16 14:23:21 [http-nio-8088-exec-10] DEBUG o.s.security.web.FilterChainProxy - Securing GET /admin/dashboard/stats
2026-09-16 14:23:21 [http-nio-8088-exec-10] DEBUG o.s.s.w.a.AnonymousAuthenticationFilter - Set SecurityContextHolder to anonymous SecurityContext
2026-09-16 14:23:21 [http-nio-8088-exec-10] DEBUG o.s.s.w.a.Http403ForbiddenEntryPoint - Pre-authenticated entry point called. Rejecting access
2026-09-16 14:23:21 [http-nio-8088-exec-10] DEBUG o.s.security.web.FilterChainProxy - Securing GET /error
2026-09-16 14:23:21 [http-nio-8088-exec-10] DEBUG o.s.s.w.a.AnonymousAuthenticationFilter - Set SecurityContextHolder to anonymous SecurityContext
2026-09-16 14:23:21 [http-nio-8088-exec-10] DEBUG o.s.s.w.a.Http403ForbiddenEntryPoint - Pre-authenticated entry point called. Rejecting access
2026-09-16 14:23:44 [http-nio-8088-exec-6] DEBUG o.s.security.web.FilterChainProxy - Securing GET /admin/dashboard/stats
2026-09-16 14:23:44 [http-nio-8088-exec-6] DEBUG o.s.s.w.a.AnonymousAuthenticationFilter - Set SecurityContextHolder to anonymous SecurityContext
2026-09-16 14:23:44 [http-nio-8088-exec-6] DEBUG o.s.s.w.a.Http403ForbiddenEntryPoint - Pre-authenticated entry point called. Rejecting access
2026-09-16 14:23:44 [http-nio-8088-exec-6] DEBUG o.s.security.web.FilterChainProxy - Securing GET /error
2026-09-16 14:23:44 [http-nio-8088-exec-6] DEBUG o.s.s.w.a.AnonymousAuthenticationFilter - Set SecurityContextHolder to anonymous SecurityContext
2026-09-16 14:23:44 [http-nio-8088-exec-6] DEBUG o.s.s.w.a.Http403ForbiddenEntryPoint - Pre-authenticated entry point called. Rejecting access
2026-09-16 14:23:44 [http-nio-8088-exec-8] DEBUG o.s.security.web.FilterChainProxy - Securing GET /admin/dashboard/stats
2026-09-16 14:23:44 [http-nio-8088-exec-8] DEBUG o.s.s.w.a.AnonymousAuthenticationFilter - Set SecurityContextHolder to anonymous SecurityContext
2026-09-16 14:23:44 [http-nio-8088-exec-8] DEBUG o.s.s.w.a.Http403ForbiddenEntryPoint - Pre-authenticated entry point called. Rejecting access
2026-09-16 14:23:44 [http-nio-8088-exec-8] DEBUG o.s.security.web.FilterChainProxy - Securing GET /error
2026-09-16 14:23:44 [http-nio-8088-exec-8] DEBUG o.s.s.w.a.AnonymousAuthenticationFilter - Set SecurityContextHolder to anonymous SecurityContext
2026-09-16 14:23:44 [http-nio-8088-exec-8] DEBUG o.s.s.w.a.Http403ForbiddenEntryPoint - Pre-authenticated entry point called. Rejecting access
